Timestamp,SCT Version,Filename,Slice (I->S),VertLevel,Label,Size [vox],WA(),STD()
2021-05-13 23:20:49,5.2.0,/Users/evaalonsoortiz/Documents/Academic/Postdoc_Julien/Projects/THS_7T/Data/7t-spine-coil/TFL_SAG_2MMISO_384MM_REFV_0008/TFL_SAG_2MMISO_384MM_REFV_0008_tfl_sag_2mmISO_384mm_REFV_20210408113743_8.nii,0,,TFL_SAG_2MMISO_384MM_REFV_0007_tfl_sag_2mmISO_384mm_REFV_20210408113743_7_seg,0,None,None
2021-05-13 23:20:49,5.2.0,/Users/evaalonsoortiz/Documents/Academic/Postdoc_Julien/Projects/THS_7T/Data/7t-spine-coil/TFL_SAG_2MMISO_384MM_REFV_0008/TFL_SAG_2MMISO_384MM_REFV_0008_tfl_sag_2mmISO_384mm_REFV_20210408113743_8.nii,1,,TFL_SAG_2MMISO_384MM_REFV_0007_tfl_sag_2mmISO_384mm_REFV_20210408113743_7_seg,0,None,None
2021-05-13 23:20:49,5.2.0,/Users/evaalonsoortiz/Documents/Academic/Postdoc_Julien/Projects/THS_7T/Data/7t-spine-coil/TFL_SAG_2MMISO_384MM_REFV_0008/TFL_SAG_2MMISO_384MM_REFV_0008_tfl_sag_2mmISO_384mm_REFV_20210408113743_8.nii,2,,TFL_SAG_2MMISO_384MM_REFV_0007_tfl_sag_2mmISO_384mm_REFV_20210408113743_7_seg,0,None,None
2021-05-13 23:20:49,5.2.0,/Users/evaalonsoortiz/Documents/Academic/Postdoc_Julien/Projects/THS_7T/Data/7t-spine-coil/TFL_SAG_2MMISO_384MM_REFV_0008/TFL_SAG_2MMISO_384MM_REFV_0008_tfl_sag_2mmISO_384mm_REFV_20210408113743_8.nii,3,,TFL_SAG_2MMISO_384MM_REFV_0007_tfl_sag_2mmISO_384mm_REFV_20210408113743_7_seg,0,None,None
2021-05-13 23:20:49,5.2.0,/Users/evaalonsoortiz/Documents/Academic/Postdoc_Julien/Projects/THS_7T/Data/7t-spine-coil/TFL_SAG_2MMISO_384MM_REFV_0008/TFL_SAG_2MMISO_384MM_REFV_0008_tfl_sag_2mmISO_384mm_REFV_20210408113743_8.nii,4,,TFL_SAG_2MMISO_384MM_REFV_0007_tfl_sag_2mmISO_384mm_REFV_20210408113743_7_seg,0,None,None
2021-05-13 23:20:49,5.2.0,/Users/evaalonsoortiz/Documents/Academic/Postdoc_Julien/Projects/THS_7T/Data/7t-spine-coil/TFL_SAG_2MMISO_384MM_REFV_0008/TFL_SAG_2MMISO_384MM_REFV_0008_tfl_sag_2mmISO_384mm_REFV_20210408113743_8.nii,5,,TFL_SAG_2MMISO_384MM_REFV_0007_tfl_sag_2mmISO_384mm_REFV_20210408113743_7_seg,0,None,None
2021-05-13 23:20:49,5.2.0,/Users/evaalonsoortiz/Documents/Academic/Postdoc_Julien/Projects/THS_7T/Data/7t-spine-coil/TFL_SAG_2MMISO_384MM_REFV_0008/TFL_SAG_2MMISO_384MM_REFV_0008_tfl_sag_2mmISO_384mm_REFV_20210408113743_8.nii,6,,TFL_SAG_2MMISO_384MM_REFV_0007_tfl_sag_2mmISO_384mm_REFV_20210408113743_7_seg,0,None,None
2021-05-13 23:20:49,5.2.0,/Users/evaalonsoortiz/Documents/Academic/Postdoc_Julien/Projects/THS_7T/Data/7t-spine-coil/TFL_SAG_2MMISO_384MM_REFV_0008/TFL_SAG_2MMISO_384MM_REFV_0008_tfl_sag_2mmISO_384mm_REFV_20210408113743_8.nii,7,,TFL_SAG_2MMISO_384MM_REFV_0007_tfl_sag_2mmISO_384mm_REFV_20210408113743_7_seg,0,None,None
2021-05-13 23:20:49,5.2.0,/Users/evaalonsoortiz/Documents/Academic/Postdoc_Julien/Projects/THS_7T/Data/7t-spine-coil/TFL_SAG_2MMISO_384MM_REFV_0008/TFL_SAG_2MMISO_384MM_REFV_0008_tfl_sag_2mmISO_384mm_REFV_20210408113743_8.nii,8,,TFL_SAG_2MMISO_384MM_REFV_0007_tfl_sag_2mmISO_384mm_REFV_20210408113743_7_seg,0,None,None
2021-05-13 23:20:49,5.2.0,/Users/evaalonsoortiz/Documents/Academic/Postdoc_Julien/Projects/THS_7T/Data/7t-spine-coil/TFL_SAG_2MMISO_384MM_REFV_0008/TFL_SAG_2MMISO_384MM_REFV_0008_tfl_sag_2mmISO_384mm_REFV_20210408113743_8.nii,9,,TFL_SAG_2MMISO_384MM_REFV_0007_tfl_sag_2mmISO_384mm_REFV_20210408113743_7_seg,0,None,None
2021-05-13 23:20:49,5.2.0,/Users/evaalonsoortiz/Documents/Academic/Postdoc_Julien/Projects/THS_7T/Data/7t-spine-coil/TFL_SAG_2MMISO_384MM_REFV_0008/TFL_SAG_2MMISO_384MM_REFV_0008_tfl_sag_2mmISO_384mm_REFV_20210408113743_8.nii,10,,TFL_SAG_2MMISO_384MM_REFV_0007_tfl_sag_2mmISO_384mm_REFV_20210408113743_7_seg,0,None,None
2021-05-13 23:20:49,5.2.0,/Users/evaalonsoortiz/Documents/Academic/Postdoc_Julien/Projects/THS_7T/Data/7t-spine-coil/TFL_SAG_2MMISO_384MM_REFV_0008/TFL_SAG_2MMISO_384MM_REFV_0008_tfl_sag_2mmISO_384mm_REFV_20210408113743_8.nii,11,,TFL_SAG_2MMISO_384MM_REFV_0007_tfl_sag_2mmISO_384mm_REFV_20210408113743_7_seg,0,None,None
2021-05-13 23:20:49,5.2.0,/Users/evaalonsoortiz/Documents/Academic/Postdoc_Julien/Projects/THS_7T/Data/7t-spine-coil/TFL_SAG_2MMISO_384MM_REFV_0008/TFL_SAG_2MMISO_384MM_REFV_0008_tfl_sag_2mmISO_384mm_REFV_20210408113743_8.nii,12,,TFL_SAG_2MMISO_384MM_REFV_0007_tfl_sag_2mmISO_384mm_REFV_20210408113743_7_seg,0,None,None
2021-05-13 23:20:49,5.2.0,/Users/evaalonsoortiz/Documents/Academic/Postdoc_Julien/Projects/THS_7T/Data/7t-spine-coil/TFL_SAG_2MMISO_384MM_REFV_0008/TFL_SAG_2MMISO_384MM_REFV_0008_tfl_sag_2mmISO_384mm_REFV_20210408113743_8.nii,13,,TFL_SAG_2MMISO_384MM_REFV_0007_tfl_sag_2mmISO_384mm_REFV_20210408113743_7_seg,0,None,None
2021-05-13 23:20:49,5.2.0,/Users/evaalonsoortiz/Documents/Academic/Postdoc_Julien/Projects/THS_7T/Data/7t-spine-coil/TFL_SAG_2MMISO_384MM_REFV_0008/TFL_SAG_2MMISO_384MM_REFV_0008_tfl_sag_2mmISO_384mm_REFV_20210408113743_8.nii,14,,TFL_SAG_2MMISO_384MM_REFV_0007_tfl_sag_2mmISO_384mm_REFV_20210408113743_7_seg,0,None,None
2021-05-13 23:20:49,5.2.0,/Users/evaalonsoortiz/Documents/Academic/Postdoc_Julien/Projects/THS_7T/Data/7t-spine-coil/TFL_SAG_2MMISO_384MM_REFV_0008/TFL_SAG_2MMISO_384MM_REFV_0008_tfl_sag_2mmISO_384mm_REFV_20210408113743_8.nii,15,,TFL_SAG_2MMISO_384MM_REFV_0007_tfl_sag_2mmISO_384mm_REFV_20210408113743_7_seg,0,None,None
2021-05-13 23:20:49,5.2.0,/Users/evaalonsoortiz/Documents/Academic/Postdoc_Julien/Projects/THS_7T/Data/7t-spine-coil/TFL_SAG_2MMISO_384MM_REFV_0008/TFL_SAG_2MMISO_384MM_REFV_0008_tfl_sag_2mmISO_384mm_REFV_20210408113743_8.nii,16,,TFL_SAG_2MMISO_384MM_REFV_0007_tfl_sag_2mmISO_384mm_REFV_20210408113743_7_seg,0,None,None
2021-05-13 23:20:49,5.2.0,/Users/evaalonsoortiz/Documents/Academic/Postdoc_Julien/Projects/THS_7T/Data/7t-spine-coil/TFL_SAG_2MMISO_384MM_REFV_0008/TFL_SAG_2MMISO_384MM_REFV_0008_tfl_sag_2mmISO_384mm_REFV_20210408113743_8.nii,17,,TFL_SAG_2MMISO_384MM_REFV_0007_tfl_sag_2mmISO_384mm_REFV_20210408113743_7_seg,0,None,None
2021-05-13 23:20:49,5.2.0,/Users/evaalonsoortiz/Documents/Academic/Postdoc_Julien/Projects/THS_7T/Data/7t-spine-coil/TFL_SAG_2MMISO_384MM_REFV_0008/TFL_SAG_2MMISO_384MM_REFV_0008_tfl_sag_2mmISO_384mm_REFV_20210408113743_8.nii,18,,TFL_SAG_2MMISO_384MM_REFV_0007_tfl_sag_2mmISO_384mm_REFV_20210408113743_7_seg,0,None,None
2021-05-13 23:20:49,5.2.0,/Users/evaalonsoortiz/Documents/Academic/Postdoc_Julien/Projects/THS_7T/Data/7t-spine-coil/TFL_SAG_2MMISO_384MM_REFV_0008/TFL_SAG_2MMISO_384MM_REFV_0008_tfl_sag_2mmISO_384mm_REFV_20210408113743_8.nii,19,,TFL_SAG_2MMISO_384MM_REFV_0007_tfl_sag_2mmISO_384mm_REFV_20210408113743_7_seg,0,None,None
2021-05-13 23:20:49,5.2.0,/Users/evaalonsoortiz/Documents/Academic/Postdoc_Julien/Projects/THS_7T/Data/7t-spine-coil/TFL_SAG_2MMISO_384MM_REFV_0008/TFL_SAG_2MMISO_384MM_REFV_0008_tfl_sag_2mmISO_384mm_REFV_20210408113743_8.nii,20,,TFL_SAG_2MMISO_384MM_REFV_0007_tfl_sag_2mmISO_384mm_REFV_20210408113743_7_seg,0,None,None
2021-05-13 23:20:49,5.2.0,/Users/evaalonsoortiz/Documents/Academic/Postdoc_Julien/Projects/THS_7T/Data/7t-spine-coil/TFL_SAG_2MMISO_384MM_REFV_0008/TFL_SAG_2MMISO_384MM_REFV_0008_tfl_sag_2mmISO_384mm_REFV_20210408113743_8.nii,21,,TFL_SAG_2MMISO_384MM_REFV_0007_tfl_sag_2mmISO_384mm_REFV_20210408113743_7_seg,0,None,None
2021-05-13 23:20:49,5.2.0,/Users/evaalonsoortiz/Documents/Academic/Postdoc_Julien/Projects/THS_7T/Data/7t-spine-coil/TFL_SAG_2MMISO_384MM_REFV_0008/TFL_SAG_2MMISO_384MM_REFV_0008_tfl_sag_2mmISO_384mm_REFV_20210408113743_8.nii,22,,TFL_SAG_2MMISO_384MM_REFV_0007_tfl_sag_2mmISO_384mm_REFV_20210408113743_7_seg,0,None,None
2021-05-13 23:20:49,5.2.0,/Users/evaalonsoortiz/Documents/Academic/Postdoc_Julien/Projects/THS_7T/Data/7t-spine-coil/TFL_SAG_2MMISO_384MM_REFV_0008/TFL_SAG_2MMISO_384MM_REFV_0008_tfl_sag_2mmISO_384mm_REFV_20210408113743_8.nii,23,,TFL_SAG_2MMISO_384MM_REFV_0007_tfl_sag_2mmISO_384mm_REFV_20210408113743_7_seg,0,None,None
2021-05-13 23:20:49,5.2.0,/Users/evaalonsoortiz/Documents/Academic/Postdoc_Julien/Projects/THS_7T/Data/7t-spine-coil/TFL_SAG_2MMISO_384MM_REFV_0008/TFL_SAG_2MMISO_384MM_REFV_0008_tfl_sag_2mmISO_384mm_REFV_20210408113743_8.nii,24,,TFL_SAG_2MMISO_384MM_REFV_0007_tfl_sag_2mmISO_384mm_REFV_20210408113743_7_seg,0,None,None
2021-05-13 23:20:49,5.2.0,/Users/evaalonsoortiz/Documents/Academic/Postdoc_Julien/Projects/THS_7T/Data/7t-spine-coil/TFL_SAG_2MMISO_384MM_REFV_0008/TFL_SAG_2MMISO_384MM_REFV_0008_tfl_sag_2mmISO_384mm_REFV_20210408113743_8.nii,25,,TFL_SAG_2MMISO_384MM_REFV_0007_tfl_sag_2mmISO_384mm_REFV_20210408113743_7_seg,0,None,None
2021-05-13 23:20:49,5.2.0,/Users/evaalonsoortiz/Documents/Academic/Postdoc_Julien/Projects/THS_7T/Data/7t-spine-coil/TFL_SAG_2MMISO_384MM_REFV_0008/TFL_SAG_2MMISO_384MM_REFV_0008_tfl_sag_2mmISO_384mm_REFV_20210408113743_8.nii,26,,TFL_SAG_2MMISO_384MM_REFV_0007_tfl_sag_2mmISO_384mm_REFV_20210408113743_7_seg,0,None,None
2021-05-13 23:20:49,5.2.0,/Users/evaalonsoortiz/Documents/Academic/Postdoc_Julien/Projects/THS_7T/Data/7t-spine-coil/TFL_SAG_2MMISO_384MM_REFV_0008/TFL_SAG_2MMISO_384MM_REFV_0008_tfl_sag_2mmISO_384mm_REFV_20210408113743_8.nii,27,,TFL_SAG_2MMISO_384MM_REFV_0007_tfl_sag_2mmISO_384mm_REFV_20210408113743_7_seg,0,None,None
2021-05-13 23:20:49,5.2.0,/Users/evaalonsoortiz/Documents/Academic/Postdoc_Julien/Projects/THS_7T/Data/7t-spine-coil/TFL_SAG_2MMISO_384MM_REFV_0008/TFL_SAG_2MMISO_384MM_REFV_0008_tfl_sag_2mmISO_384mm_REFV_20210408113743_8.nii,28,,TFL_SAG_2MMISO_384MM_REFV_0007_tfl_sag_2mmISO_384mm_REFV_20210408113743_7_seg,0,None,None
2021-05-13 23:20:49,5.2.0,/Users/evaalonsoortiz/Documents/Academic/Postdoc_Julien/Projects/THS_7T/Data/7t-spine-coil/TFL_SAG_2MMISO_384MM_REFV_0008/TFL_SAG_2MMISO_384MM_REFV_0008_tfl_sag_2mmISO_384mm_REFV_20210408113743_8.nii,29,,TFL_SAG_2MMISO_384MM_REFV_0007_tfl_sag_2mmISO_384mm_REFV_20210408113743_7_seg,0,None,None
2021-05-13 23:20:49,5.2.0,/Users/evaalonsoortiz/Documents/Academic/Postdoc_Julien/Projects/THS_7T/Data/7t-spine-coil/TFL_SAG_2MMISO_384MM_REFV_0008/TFL_SAG_2MMISO_384MM_REFV_0008_tfl_sag_2mmISO_384mm_REFV_20210408113743_8.nii,30,,TFL_SAG_2MMISO_384MM_REFV_0007_tfl_sag_2mmISO_384mm_REFV_20210408113743_7_seg,0,None,None
2021-05-13 23:20:49,5.2.0,/Users/evaalonsoortiz/Documents/Academic/Postdoc_Julien/Projects/THS_7T/Data/7t-spine-coil/TFL_SAG_2MMISO_384MM_REFV_0008/TFL_SAG_2MMISO_384MM_REFV_0008_tfl_sag_2mmISO_384mm_REFV_20210408113743_8.nii,31,,TFL_SAG_2MMISO_384MM_REFV_0007_tfl_sag_2mmISO_384mm_REFV_20210408113743_7_seg,0,None,None
2021-05-13 23:20:49,5.2.0,/Users/evaalonsoortiz/Documents/Academic/Postdoc_Julien/Projects/THS_7T/Data/7t-spine-coil/TFL_SAG_2MMISO_384MM_REFV_0008/TFL_SAG_2MMISO_384MM_REFV_0008_tfl_sag_2mmISO_384mm_REFV_20210408113743_8.nii,32,,TFL_SAG_2MMISO_384MM_REFV_0007_tfl_sag_2mmISO_384mm_REFV_20210408113743_7_seg,0,None,None
2021-05-13 23:20:49,5.2.0,/Users/evaalonsoortiz/Documents/Academic/Postdoc_Julien/Projects/THS_7T/Data/7t-spine-coil/TFL_SAG_2MMISO_384MM_REFV_0008/TFL_SAG_2MMISO_384MM_REFV_0008_tfl_sag_2mmISO_384mm_REFV_20210408113743_8.nii,33,,TFL_SAG_2MMISO_384MM_REFV_0007_tfl_sag_2mmISO_384mm_REFV_20210408113743_7_seg,0,None,None
2021-05-13 23:20:49,5.2.0,/Users/evaalonsoortiz/Documents/Academic/Postdoc_Julien/Projects/THS_7T/Data/7t-spine-coil/TFL_SAG_2MMISO_384MM_REFV_0008/TFL_SAG_2MMISO_384MM_REFV_0008_tfl_sag_2mmISO_384mm_REFV_20210408113743_8.nii,34,,TFL_SAG_2MMISO_384MM_REFV_0007_tfl_sag_2mmISO_384mm_REFV_20210408113743_7_seg,0,None,None
2021-05-13 23:20:49,5.2.0,/Users/evaalonsoortiz/Documents/Academic/Postdoc_Julien/Projects/THS_7T/Data/7t-spine-coil/TFL_SAG_2MMISO_384MM_REFV_0008/TFL_SAG_2MMISO_384MM_REFV_0008_tfl_sag_2mmISO_384mm_REFV_20210408113743_8.nii,35,,TFL_SAG_2MMISO_384MM_REFV_0007_tfl_sag_2mmISO_384mm_REFV_20210408113743_7_seg,0,None,None
2021-05-13 23:20:49,5.2.0,/Users/evaalonsoortiz/Documents/Academic/Postdoc_Julien/Projects/THS_7T/Data/7t-spine-coil/TFL_SAG_2MMISO_384MM_REFV_0008/TFL_SAG_2MMISO_384MM_REFV_0008_tfl_sag_2mmISO_384mm_REFV_20210408113743_8.nii,36,,TFL_SAG_2MMISO_384MM_REFV_0007_tfl_sag_2mmISO_384mm_REFV_20210408113743_7_seg,0,None,None
2021-05-13 23:20:49,5.2.0,/Users/evaalonsoortiz/Documents/Academic/Postdoc_Julien/Projects/THS_7T/Data/7t-spine-coil/TFL_SAG_2MMISO_384MM_REFV_0008/TFL_SAG_2MMISO_384MM_REFV_0008_tfl_sag_2mmISO_384mm_REFV_20210408113743_8.nii,37,,TFL_SAG_2MMISO_384MM_REFV_0007_tfl_sag_2mmISO_384mm_REFV_20210408113743_7_seg,0,None,None
2021-05-13 23:20:49,5.2.0,/Users/evaalonsoortiz/Documents/Academic/Postdoc_Julien/Projects/THS_7T/Data/7t-spine-coil/TFL_SAG_2MMISO_384MM_REFV_0008/TFL_SAG_2MMISO_384MM_REFV_0008_tfl_sag_2mmISO_384mm_REFV_20210408113743_8.nii,38,,TFL_SAG_2MMISO_384MM_REFV_0007_tfl_sag_2mmISO_384mm_REFV_20210408113743_7_seg,0,None,None
2021-05-13 23:20:49,5.2.0,/Users/evaalonsoortiz/Documents/Academic/Postdoc_Julien/Projects/THS_7T/Data/7t-spine-coil/TFL_SAG_2MMISO_384MM_REFV_0008/TFL_SAG_2MMISO_384MM_REFV_0008_tfl_sag_2mmISO_384mm_REFV_20210408113743_8.nii,39,,TFL_SAG_2MMISO_384MM_REFV_0007_tfl_sag_2mmISO_384mm_REFV_20210408113743_7_seg,0,None,None
2021-05-13 23:20:49,5.2.0,/Users/evaalonsoortiz/Documents/Academic/Postdoc_Julien/Projects/THS_7T/Data/7t-spine-coil/TFL_SAG_2MMISO_384MM_REFV_0008/TFL_SAG_2MMISO_384MM_REFV_0008_tfl_sag_2mmISO_384mm_REFV_20210408113743_8.nii,40,,TFL_SAG_2MMISO_384MM_REFV_0007_tfl_sag_2mmISO_384mm_REFV_20210408113743_7_seg,0,None,None
2021-05-13 23:20:49,5.2.0,/Users/evaalonsoortiz/Documents/Academic/Postdoc_Julien/Projects/THS_7T/Data/7t-spine-coil/TFL_SAG_2MMISO_384MM_REFV_0008/TFL_SAG_2MMISO_384MM_REFV_0008_tfl_sag_2mmISO_384mm_REFV_20210408113743_8.nii,41,,TFL_SAG_2MMISO_384MM_REFV_0007_tfl_sag_2mmISO_384mm_REFV_20210408113743_7_seg,0,None,None
2021-05-13 23:20:49,5.2.0,/Users/evaalonsoortiz/Documents/Academic/Postdoc_Julien/Projects/THS_7T/Data/7t-spine-coil/TFL_SAG_2MMISO_384MM_REFV_0008/TFL_SAG_2MMISO_384MM_REFV_0008_tfl_sag_2mmISO_384mm_REFV_20210408113743_8.nii,42,,TFL_SAG_2MMISO_384MM_REFV_0007_tfl_sag_2mmISO_384mm_REFV_20210408113743_7_seg,0,None,None
2021-05-13 23:20:49,5.2.0,/Users/evaalonsoortiz/Documents/Academic/Postdoc_Julien/Projects/THS_7T/Data/7t-spine-coil/TFL_SAG_2MMISO_384MM_REFV_0008/TFL_SAG_2MMISO_384MM_REFV_0008_tfl_sag_2mmISO_384mm_REFV_20210408113743_8.nii,43,,TFL_SAG_2MMISO_384MM_REFV_0007_tfl_sag_2mmISO_384mm_REFV_20210408113743_7_seg,0,None,None
2021-05-13 23:20:49,5.2.0,/Users/evaalonsoortiz/Documents/Academic/Postdoc_Julien/Projects/THS_7T/Data/7t-spine-coil/TFL_SAG_2MMISO_384MM_REFV_0008/TFL_SAG_2MMISO_384MM_REFV_0008_tfl_sag_2mmISO_384mm_REFV_20210408113743_8.nii,44,,TFL_SAG_2MMISO_384MM_REFV_0007_tfl_sag_2mmISO_384mm_REFV_20210408113743_7_seg,0,None,None
2021-05-13 23:20:49,5.2.0,/Users/evaalonsoortiz/Documents/Academic/Postdoc_Julien/Projects/THS_7T/Data/7t-spine-coil/TFL_SAG_2MMISO_384MM_REFV_0008/TFL_SAG_2MMISO_384MM_REFV_0008_tfl_sag_2mmISO_384mm_REFV_20210408113743_8.nii,45,,TFL_SAG_2MMISO_384MM_REFV_0007_tfl_sag_2mmISO_384mm_REFV_20210408113743_7_seg,0,None,None
2021-05-13 23:20:49,5.2.0,/Users/evaalonsoortiz/Documents/Academic/Postdoc_Julien/Projects/THS_7T/Data/7t-spine-coil/TFL_SAG_2MMISO_384MM_REFV_0008/TFL_SAG_2MMISO_384MM_REFV_0008_tfl_sag_2mmISO_384mm_REFV_20210408113743_8.nii,46,,TFL_SAG_2MMISO_384MM_REFV_0007_tfl_sag_2mmISO_384mm_REFV_20210408113743_7_seg,0,None,None
2021-05-13 23:20:49,5.2.0,/Users/evaalonsoortiz/Documents/Academic/Postdoc_Julien/Projects/THS_7T/Data/7t-spine-coil/TFL_SAG_2MMISO_384MM_REFV_0008/TFL_SAG_2MMISO_384MM_REFV_0008_tfl_sag_2mmISO_384mm_REFV_20210408113743_8.nii,47,,TFL_SAG_2MMISO_384MM_REFV_0007_tfl_sag_2mmISO_384mm_REFV_20210408113743_7_seg,0,None,None
2021-05-13 23:20:49,5.2.0,/Users/evaalonsoortiz/Documents/Academic/Postdoc_Julien/Projects/THS_7T/Data/7t-spine-coil/TFL_SAG_2MMISO_384MM_REFV_0008/TFL_SAG_2MMISO_384MM_REFV_0008_tfl_sag_2mmISO_384mm_REFV_20210408113743_8.nii,48,,TFL_SAG_2MMISO_384MM_REFV_0007_tfl_sag_2mmISO_384mm_REFV_20210408113743_7_seg,0,None,None
2021-05-13 23:20:49,5.2.0,/Users/evaalonsoortiz/Documents/Academic/Postdoc_Julien/Projects/THS_7T/Data/7t-spine-coil/TFL_SAG_2MMISO_384MM_REFV_0008/TFL_SAG_2MMISO_384MM_REFV_0008_tfl_sag_2mmISO_384mm_REFV_20210408113743_8.nii,49,,TFL_SAG_2MMISO_384MM_REFV_0007_tfl_sag_2mmISO_384mm_REFV_20210408113743_7_seg,0,None,None
2021-05-13 23:20:49,5.2.0,/Users/evaalonsoortiz/Documents/Academic/Postdoc_Julien/Projects/THS_7T/Data/7t-spine-coil/TFL_SAG_2MMISO_384MM_REFV_0008/TFL_SAG_2MMISO_384MM_REFV_0008_tfl_sag_2mmISO_384mm_REFV_20210408113743_8.nii,50,,TFL_SAG_2MMISO_384MM_REFV_0007_tfl_sag_2mmISO_384mm_REFV_20210408113743_7_seg,0,None,None
2021-05-13 23:20:49,5.2.0,/Users/evaalonsoortiz/Documents/Academic/Postdoc_Julien/Projects/THS_7T/Data/7t-spine-coil/TFL_SAG_2MMISO_384MM_REFV_0008/TFL_SAG_2MMISO_384MM_REFV_0008_tfl_sag_2mmISO_384mm_REFV_20210408113743_8.nii,51,,TFL_SAG_2MMISO_384MM_REFV_0007_tfl_sag_2mmISO_384mm_REFV_20210408113743_7_seg,0,None,None
2021-05-13 23:20:49,5.2.0,/Users/evaalonsoortiz/Documents/Academic/Postdoc_Julien/Projects/THS_7T/Data/7t-spine-coil/TFL_SAG_2MMISO_384MM_REFV_0008/TFL_SAG_2MMISO_384MM_REFV_0008_tfl_sag_2mmISO_384mm_REFV_20210408113743_8.nii,52,,TFL_SAG_2MMISO_384MM_REFV_0007_tfl_sag_2mmISO_384mm_REFV_20210408113743_7_seg,0,None,None
2021-05-13 23:20:49,5.2.0,/Users/evaalonsoortiz/Documents/Academic/Postdoc_Julien/Projects/THS_7T/Data/7t-spine-coil/TFL_SAG_2MMISO_384MM_REFV_0008/TFL_SAG_2MMISO_384MM_REFV_0008_tfl_sag_2mmISO_384mm_REFV_20210408113743_8.nii,53,,TFL_SAG_2MMISO_384MM_REFV_0007_tfl_sag_2mmISO_384mm_REFV_20210408113743_7_seg,0,None,None
2021-05-13 23:20:49,5.2.0,/Users/evaalonsoortiz/Documents/Academic/Postdoc_Julien/Projects/THS_7T/Data/7t-spine-coil/TFL_SAG_2MMISO_384MM_REFV_0008/TFL_SAG_2MMISO_384MM_REFV_0008_tfl_sag_2mmISO_384mm_REFV_20210408113743_8.nii,54,,TFL_SAG_2MMISO_384MM_REFV_0007_tfl_sag_2mmISO_384mm_REFV_20210408113743_7_seg,0,None,None
2021-05-13 23:20:49,5.2.0,/Users/evaalonsoortiz/Documents/Academic/Postdoc_Julien/Projects/THS_7T/Data/7t-spine-coil/TFL_SAG_2MMISO_384MM_REFV_0008/TFL_SAG_2MMISO_384MM_REFV_0008_tfl_sag_2mmISO_384mm_REFV_20210408113743_8.nii,55,,TFL_SAG_2MMISO_384MM_REFV_0007_tfl_sag_2mmISO_384mm_REFV_20210408113743_7_seg,0,None,None
2021-05-13 23:20:49,5.2.0,/Users/evaalonsoortiz/Documents/Academic/Postdoc_Julien/Projects/THS_7T/Data/7t-spine-coil/TFL_SAG_2MMISO_384MM_REFV_0008/TFL_SAG_2MMISO_384MM_REFV_0008_tfl_sag_2mmISO_384mm_REFV_20210408113743_8.nii,56,,TFL_SAG_2MMISO_384MM_REFV_0007_tfl_sag_2mmISO_384mm_REFV_20210408113743_7_seg,0,None,None
2021-05-13 23:20:49,5.2.0,/Users/evaalonsoortiz/Documents/Academic/Postdoc_Julien/Projects/THS_7T/Data/7t-spine-coil/TFL_SAG_2MMISO_384MM_REFV_0008/TFL_SAG_2MMISO_384MM_REFV_0008_tfl_sag_2mmISO_384mm_REFV_20210408113743_8.nii,57,,TFL_SAG_2MMISO_384MM_REFV_0007_tfl_sag_2mmISO_384mm_REFV_20210408113743_7_seg,5,458.4,20.684293558156632
2021-05-13 23:20:49,5.2.0,/Users/evaalonsoortiz/Documents/Academic/Postdoc_Julien/Projects/THS_7T/Data/7t-spine-coil/TFL_SAG_2MMISO_384MM_REFV_0008/TFL_SAG_2MMISO_384MM_REFV_0008_tfl_sag_2mmISO_384mm_REFV_20210408113743_8.nii,58,,TFL_SAG_2MMISO_384MM_REFV_0007_tfl_sag_2mmISO_384mm_REFV_20210408113743_7_seg,0,None,None
2021-05-13 23:20:49,5.2.0,/Users/evaalonsoortiz/Documents/Academic/Postdoc_Julien/Projects/THS_7T/Data/7t-spine-coil/TFL_SAG_2MMISO_384MM_REFV_0008/TFL_SAG_2MMISO_384MM_REFV_0008_tfl_sag_2mmISO_384mm_REFV_20210408113743_8.nii,59,,TFL_SAG_2MMISO_384MM_REFV_0007_tfl_sag_2mmISO_384mm_REFV_20210408113743_7_seg,12,482.0833333333333,15.195713942497806
2021-05-13 23:20:49,5.2.0,/Users/evaalonsoortiz/Documents/Academic/Postdoc_Julien/Projects/THS_7T/Data/7t-spine-coil/TFL_SAG_2MMISO_384MM_REFV_0008/TFL_SAG_2MMISO_384MM_REFV_0008_tfl_sag_2mmISO_384mm_REFV_20210408113743_8.nii,60,,TFL_SAG_2MMISO_384MM_REFV_0007_tfl_sag_2mmISO_384mm_REFV_20210408113743_7_seg,12,500.8333333333333,19.1129682560181
2021-05-13 23:20:49,5.2.0,/Users/evaalonsoortiz/Documents/Academic/Postdoc_Julien/Projects/THS_7T/Data/7t-spine-coil/TFL_SAG_2MMISO_384MM_REFV_0008/TFL_SAG_2MMISO_384MM_REFV_0008_tfl_sag_2mmISO_384mm_REFV_20210408113743_8.nii,61,,TFL_SAG_2MMISO_384MM_REFV_0007_tfl_sag_2mmISO_384mm_REFV_20210408113743_7_seg,11,515.7272727272727,11.19326834299737
2021-05-13 23:20:49,5.2.0,/Users/evaalonsoortiz/Documents/Academic/Postdoc_Julien/Projects/THS_7T/Data/7t-spine-coil/TFL_SAG_2MMISO_384MM_REFV_0008/TFL_SAG_2MMISO_384MM_REFV_0008_tfl_sag_2mmISO_384mm_REFV_20210408113743_8.nii,62,,TFL_SAG_2MMISO_384MM_REFV_0007_tfl_sag_2mmISO_384mm_REFV_20210408113743_7_seg,13,517.4615384615385,13.153621230645571
2021-05-13 23:20:49,5.2.0,/Users/evaalonsoortiz/Documents/Academic/Postdoc_Julien/Projects/THS_7T/Data/7t-spine-coil/TFL_SAG_2MMISO_384MM_REFV_0008/TFL_SAG_2MMISO_384MM_REFV_0008_tfl_sag_2mmISO_384mm_REFV_20210408113743_8.nii,63,,TFL_SAG_2MMISO_384MM_REFV_0007_tfl_sag_2mmISO_384mm_REFV_20210408113743_7_seg,7,518.1428571428571,20.821888012573773
2021-05-13 23:20:49,5.2.0,/Users/evaalonsoortiz/Documents/Academic/Postdoc_Julien/Projects/THS_7T/Data/7t-spine-coil/TFL_SAG_2MMISO_384MM_REFV_0008/TFL_SAG_2MMISO_384MM_REFV_0008_tfl_sag_2mmISO_384mm_REFV_20210408113743_8.nii,64,,TFL_SAG_2MMISO_384MM_REFV_0007_tfl_sag_2mmISO_384mm_REFV_20210408113743_7_seg,12,525.0833333333334,20.51202222004343
2021-05-13 23:20:49,5.2.0,/Users/evaalonsoortiz/Documents/Academic/Postdoc_Julien/Projects/THS_7T/Data/7t-spine-coil/TFL_SAG_2MMISO_384MM_REFV_0008/TFL_SAG_2MMISO_384MM_REFV_0008_tfl_sag_2mmISO_384mm_REFV_20210408113743_8.nii,65,,TFL_SAG_2MMISO_384MM_REFV_0007_tfl_sag_2mmISO_384mm_REFV_20210408113743_7_seg,13,542.3846153846154,17.464418603542555
2021-05-13 23:20:49,5.2.0,/Users/evaalonsoortiz/Documents/Academic/Postdoc_Julien/Projects/THS_7T/Data/7t-spine-coil/TFL_SAG_2MMISO_384MM_REFV_0008/TFL_SAG_2MMISO_384MM_REFV_0008_tfl_sag_2mmISO_384mm_REFV_20210408113743_8.nii,66,,TFL_SAG_2MMISO_384MM_REFV_0007_tfl_sag_2mmISO_384mm_REFV_20210408113743_7_seg,10,548.9,15.680880077342596
2021-05-13 23:20:49,5.2.0,/Users/evaalonsoortiz/Documents/Academic/Postdoc_Julien/Projects/THS_7T/Data/7t-spine-coil/TFL_SAG_2MMISO_384MM_REFV_0008/TFL_SAG_2MMISO_384MM_REFV_0008_tfl_sag_2mmISO_384mm_REFV_20210408113743_8.nii,67,,TFL_SAG_2MMISO_384MM_REFV_0007_tfl_sag_2mmISO_384mm_REFV_20210408113743_7_seg,14,557.5,19.14512246724252
2021-05-13 23:20:49,5.2.0,/Users/evaalonsoortiz/Documents/Academic/Postdoc_Julien/Projects/THS_7T/Data/7t-spine-coil/TFL_SAG_2MMISO_384MM_REFV_0008/TFL_SAG_2MMISO_384MM_REFV_0008_tfl_sag_2mmISO_384mm_REFV_20210408113743_8.nii,68,,TFL_SAG_2MMISO_384MM_REFV_0007_tfl_sag_2mmISO_384mm_REFV_20210408113743_7_seg,13,558.3846153846154,16.790741320228843
2021-05-13 23:20:49,5.2.0,/Users/evaalonsoortiz/Documents/Academic/Postdoc_Julien/Projects/THS_7T/Data/7t-spine-coil/TFL_SAG_2MMISO_384MM_REFV_0008/TFL_SAG_2MMISO_384MM_REFV_0008_tfl_sag_2mmISO_384mm_REFV_20210408113743_8.nii,69,,TFL_SAG_2MMISO_384MM_REFV_0007_tfl_sag_2mmISO_384mm_REFV_20210408113743_7_seg,10,573.6,16.28004913997498
2021-05-13 23:20:49,5.2.0,/Users/evaalonsoortiz/Documents/Academic/Postdoc_Julien/Projects/THS_7T/Data/7t-spine-coil/TFL_SAG_2MMISO_384MM_REFV_0008/TFL_SAG_2MMISO_384MM_REFV_0008_tfl_sag_2mmISO_384mm_REFV_20210408113743_8.nii,70,,TFL_SAG_2MMISO_384MM_REFV_0007_tfl_sag_2mmISO_384mm_REFV_20210408113743_7_seg,14,566.5,16.23378311687434
2021-05-13 23:20:49,5.2.0,/Users/evaalonsoortiz/Documents/Academic/Postdoc_Julien/Projects/THS_7T/Data/7t-spine-coil/TFL_SAG_2MMISO_384MM_REFV_0008/TFL_SAG_2MMISO_384MM_REFV_0008_tfl_sag_2mmISO_384mm_REFV_20210408113743_8.nii,71,,TFL_SAG_2MMISO_384MM_REFV_0007_tfl_sag_2mmISO_384mm_REFV_20210408113743_7_seg,9,577.0,12.823589374447563
2021-05-13 23:20:49,5.2.0,/Users/evaalonsoortiz/Documents/Academic/Postdoc_Julien/Projects/THS_7T/Data/7t-spine-coil/TFL_SAG_2MMISO_384MM_REFV_0008/TFL_SAG_2MMISO_384MM_REFV_0008_tfl_sag_2mmISO_384mm_REFV_20210408113743_8.nii,72,,TFL_SAG_2MMISO_384MM_REFV_0007_tfl_sag_2mmISO_384mm_REFV_20210408113743_7_seg,13,587.9230769230769,19.193194060000852
2021-05-13 23:20:49,5.2.0,/Users/evaalonsoortiz/Documents/Academic/Postdoc_Julien/Projects/THS_7T/Data/7t-spine-coil/TFL_SAG_2MMISO_384MM_REFV_0008/TFL_SAG_2MMISO_384MM_REFV_0008_tfl_sag_2mmISO_384mm_REFV_20210408113743_8.nii,73,,TFL_SAG_2MMISO_384MM_REFV_0007_tfl_sag_2mmISO_384mm_REFV_20210408113743_7_seg,9,599.1111111111111,19.376070261160596
2021-05-13 23:20:49,5.2.0,/Users/evaalonsoortiz/Documents/Academic/Postdoc_Julien/Projects/THS_7T/Data/7t-spine-coil/TFL_SAG_2MMISO_384MM_REFV_0008/TFL_SAG_2MMISO_384MM_REFV_0008_tfl_sag_2mmISO_384mm_REFV_20210408113743_8.nii,74,,TFL_SAG_2MMISO_384MM_REFV_0007_tfl_sag_2mmISO_384mm_REFV_20210408113743_7_seg,10,601.7,17.13505179449423
2021-05-13 23:20:49,5.2.0,/Users/evaalonsoortiz/Documents/Academic/Postdoc_Julien/Projects/THS_7T/Data/7t-spine-coil/TFL_SAG_2MMISO_384MM_REFV_0008/TFL_SAG_2MMISO_384MM_REFV_0008_tfl_sag_2mmISO_384mm_REFV_20210408113743_8.nii,75,,TFL_SAG_2MMISO_384MM_REFV_0007_tfl_sag_2mmISO_384mm_REFV_20210408113743_7_seg,14,605.0714285714286,10.511655338679235
2021-05-13 23:20:49,5.2.0,/Users/evaalonsoortiz/Documents/Academic/Postdoc_Julien/Projects/THS_7T/Data/7t-spine-coil/TFL_SAG_2MMISO_384MM_REFV_0008/TFL_SAG_2MMISO_384MM_REFV_0008_tfl_sag_2mmISO_384mm_REFV_20210408113743_8.nii,76,,TFL_SAG_2MMISO_384MM_REFV_0007_tfl_sag_2mmISO_384mm_REFV_20210408113743_7_seg,8,608.125,14.641016870422629
2021-05-13 23:20:49,5.2.0,/Users/evaalonsoortiz/Documents/Academic/Postdoc_Julien/Projects/THS_7T/Data/7t-spine-coil/TFL_SAG_2MMISO_384MM_REFV_0008/TFL_SAG_2MMISO_384MM_REFV_0008_tfl_sag_2mmISO_384mm_REFV_20210408113743_8.nii,77,,TFL_SAG_2MMISO_384MM_REFV_0007_tfl_sag_2mmISO_384mm_REFV_20210408113743_7_seg,10,617.1,15.481924944915603
2021-05-13 23:20:49,5.2.0,/Users/evaalonsoortiz/Documents/Academic/Postdoc_Julien/Projects/THS_7T/Data/7t-spine-coil/TFL_SAG_2MMISO_384MM_REFV_0008/TFL_SAG_2MMISO_384MM_REFV_0008_tfl_sag_2mmISO_384mm_REFV_20210408113743_8.nii,78,,TFL_SAG_2MMISO_384MM_REFV_0007_tfl_sag_2mmISO_384mm_REFV_20210408113743_7_seg,8,617.625,12.409044080830723
2021-05-13 23:20:49,5.2.0,/Users/evaalonsoortiz/Documents/Academic/Postdoc_Julien/Projects/THS_7T/Data/7t-spine-coil/TFL_SAG_2MMISO_384MM_REFV_0008/TFL_SAG_2MMISO_384MM_REFV_0008_tfl_sag_2mmISO_384mm_REFV_20210408113743_8.nii,79,,TFL_SAG_2MMISO_384MM_REFV_0007_tfl_sag_2mmISO_384mm_REFV_20210408113743_7_seg,4,622.75,12.695963925594622
2021-05-13 23:20:49,5.2.0,/Users/evaalonsoortiz/Documents/Academic/Postdoc_Julien/Projects/THS_7T/Data/7t-spine-coil/TFL_SAG_2MMISO_384MM_REFV_0008/TFL_SAG_2MMISO_384MM_REFV_0008_tfl_sag_2mmISO_384mm_REFV_20210408113743_8.nii,80,,TFL_SAG_2MMISO_384MM_REFV_0007_tfl_sag_2mmISO_384mm_REFV_20210408113743_7_seg,12,619.3333333333334,11.932681546445831
2021-05-13 23:20:49,5.2.0,/Users/evaalonsoortiz/Documents/Academic/Postdoc_Julien/Projects/THS_7T/Data/7t-spine-coil/TFL_SAG_2MMISO_384MM_REFV_0008/TFL_SAG_2MMISO_384MM_REFV_0008_tfl_sag_2mmISO_384mm_REFV_20210408113743_8.nii,81,,TFL_SAG_2MMISO_384MM_REFV_0007_tfl_sag_2mmISO_384mm_REFV_20210408113743_7_seg,13,624.0769230769231,15.157945560314811
2021-05-13 23:20:49,5.2.0,/Users/evaalonsoortiz/Documents/Academic/Postdoc_Julien/Projects/THS_7T/Data/7t-spine-coil/TFL_SAG_2MMISO_384MM_REFV_0008/TFL_SAG_2MMISO_384MM_REFV_0008_tfl_sag_2mmISO_384mm_REFV_20210408113743_8.nii,82,,TFL_SAG_2MMISO_384MM_REFV_0007_tfl_sag_2mmISO_384mm_REFV_20210408113743_7_seg,13,622.8461538461538,16.598638284492143
2021-05-13 23:20:49,5.2.0,/Users/evaalonsoortiz/Documents/Academic/Postdoc_Julien/Projects/THS_7T/Data/7t-spine-coil/TFL_SAG_2MMISO_384MM_REFV_0008/TFL_SAG_2MMISO_384MM_REFV_0008_tfl_sag_2mmISO_384mm_REFV_20210408113743_8.nii,83,,TFL_SAG_2MMISO_384MM_REFV_0007_tfl_sag_2mmISO_384mm_REFV_20210408113743_7_seg,11,625.2727272727273,16.13629961575008
2021-05-13 23:20:49,5.2.0,/Users/evaalonsoortiz/Documents/Academic/Postdoc_Julien/Projects/THS_7T/Data/7t-spine-coil/TFL_SAG_2MMISO_384MM_REFV_0008/TFL_SAG_2MMISO_384MM_REFV_0008_tfl_sag_2mmISO_384mm_REFV_20210408113743_8.nii,84,,TFL_SAG_2MMISO_384MM_REFV_0007_tfl_sag_2mmISO_384mm_REFV_20210408113743_7_seg,8,630.375,14.352155761417864
2021-05-13 23:20:49,5.2.0,/Users/evaalonsoortiz/Documents/Academic/Postdoc_Julien/Projects/THS_7T/Data/7t-spine-coil/TFL_SAG_2MMISO_384MM_REFV_0008/TFL_SAG_2MMISO_384MM_REFV_0008_tfl_sag_2mmISO_384mm_REFV_20210408113743_8.nii,85,,TFL_SAG_2MMISO_384MM_REFV_0007_tfl_sag_2mmISO_384mm_REFV_20210408113743_7_seg,7,631.0,10.810048235652923
2021-05-13 23:20:49,5.2.0,/Users/evaalonsoortiz/Documents/Academic/Postdoc_Julien/Projects/THS_7T/Data/7t-spine-coil/TFL_SAG_2MMISO_384MM_REFV_0008/TFL_SAG_2MMISO_384MM_REFV_0008_tfl_sag_2mmISO_384mm_REFV_20210408113743_8.nii,86,,TFL_SAG_2MMISO_384MM_REFV_0007_tfl_sag_2mmISO_384mm_REFV_20210408113743_7_seg,14,624.2857142857143,16.709400995626776
2021-05-13 23:20:49,5.2.0,/Users/evaalonsoortiz/Documents/Academic/Postdoc_Julien/Projects/THS_7T/Data/7t-spine-coil/TFL_SAG_2MMISO_384MM_REFV_0008/TFL_SAG_2MMISO_384MM_REFV_0008_tfl_sag_2mmISO_384mm_REFV_20210408113743_8.nii,87,,TFL_SAG_2MMISO_384MM_REFV_0007_tfl_sag_2mmISO_384mm_REFV_20210408113743_7_seg,13,624.3076923076923,16.917831354859857
2021-05-13 23:20:49,5.2.0,/Users/evaalonsoortiz/Documents/Academic/Postdoc_Julien/Projects/THS_7T/Data/7t-spine-coil/TFL_SAG_2MMISO_384MM_REFV_0008/TFL_SAG_2MMISO_384MM_REFV_0008_tfl_sag_2mmISO_384mm_REFV_20210408113743_8.nii,88,,TFL_SAG_2MMISO_384MM_REFV_0007_tfl_sag_2mmISO_384mm_REFV_20210408113743_7_seg,12,619.0,16.294170736800325
2021-05-13 23:20:49,5.2.0,/Users/evaalonsoortiz/Documents/Academic/Postdoc_Julien/Projects/THS_7T/Data/7t-spine-coil/TFL_SAG_2MMISO_384MM_REFV_0008/TFL_SAG_2MMISO_384MM_REFV_0008_tfl_sag_2mmISO_384mm_REFV_20210408113743_8.nii,89,,TFL_SAG_2MMISO_384MM_REFV_0007_tfl_sag_2mmISO_384mm_REFV_20210408113743_7_seg,10,616.4,16.304600577751057
2021-05-13 23:20:49,5.2.0,/Users/evaalonsoortiz/Documents/Academic/Postdoc_Julien/Projects/THS_7T/Data/7t-spine-coil/TFL_SAG_2MMISO_384MM_REFV_0008/TFL_SAG_2MMISO_384MM_REFV_0008_tfl_sag_2mmISO_384mm_REFV_20210408113743_8.nii,90,,TFL_SAG_2MMISO_384MM_REFV_0007_tfl_sag_2mmISO_384mm_REFV_20210408113743_7_seg,12,617.75,12.444041412124385
2021-05-13 23:20:49,5.2.0,/Users/evaalonsoortiz/Documents/Academic/Postdoc_Julien/Projects/THS_7T/Data/7t-spine-coil/TFL_SAG_2MMISO_384MM_REFV_0008/TFL_SAG_2MMISO_384MM_REFV_0008_tfl_sag_2mmISO_384mm_REFV_20210408113743_8.nii,91,,TFL_SAG_2MMISO_384MM_REFV_0007_tfl_sag_2mmISO_384mm_REFV_20210408113743_7_seg,12,612.6666666666666,12.782366325876009
2021-05-13 23:20:49,5.2.0,/Users/evaalonsoortiz/Documents/Academic/Postdoc_Julien/Projects/THS_7T/Data/7t-spine-coil/TFL_SAG_2MMISO_384MM_REFV_0008/TFL_SAG_2MMISO_384MM_REFV_0008_tfl_sag_2mmISO_384mm_REFV_20210408113743_8.nii,92,,TFL_SAG_2MMISO_384MM_REFV_0007_tfl_sag_2mmISO_384mm_REFV_20210408113743_7_seg,11,602.2727272727273,18.000459130967183
2021-05-13 23:20:49,5.2.0,/Users/evaalonsoortiz/Documents/Academic/Postdoc_Julien/Projects/THS_7T/Data/7t-spine-coil/TFL_SAG_2MMISO_384MM_REFV_0008/TFL_SAG_2MMISO_384MM_REFV_0008_tfl_sag_2mmISO_384mm_REFV_20210408113743_8.nii,93,,TFL_SAG_2MMISO_384MM_REFV_0007_tfl_sag_2mmISO_384mm_REFV_20210408113743_7_seg,11,596.8181818181819,21.07483713651374
2021-05-13 23:20:49,5.2.0,/Users/evaalonsoortiz/Documents/Academic/Postdoc_Julien/Projects/THS_7T/Data/7t-spine-coil/TFL_SAG_2MMISO_384MM_REFV_0008/TFL_SAG_2MMISO_384MM_REFV_0008_tfl_sag_2mmISO_384mm_REFV_20210408113743_8.nii,94,,TFL_SAG_2MMISO_384MM_REFV_0007_tfl_sag_2mmISO_384mm_REFV_20210408113743_7_seg,14,604.8571428571429,22.80932498173607
2021-05-13 23:20:49,5.2.0,/Users/evaalonsoortiz/Documents/Academic/Postdoc_Julien/Projects/THS_7T/Data/7t-spine-coil/TFL_SAG_2MMISO_384MM_REFV_0008/TFL_SAG_2MMISO_384MM_REFV_0008_tfl_sag_2mmISO_384mm_REFV_20210408113743_8.nii,95,,TFL_SAG_2MMISO_384MM_REFV_0007_tfl_sag_2mmISO_384mm_REFV_20210408113743_7_seg,13,596.6923076923077,19.54633396823131
2021-05-13 23:20:49,5.2.0,/Users/evaalonsoortiz/Documents/Academic/Postdoc_Julien/Projects/THS_7T/Data/7t-spine-coil/TFL_SAG_2MMISO_384MM_REFV_0008/TFL_SAG_2MMISO_384MM_REFV_0008_tfl_sag_2mmISO_384mm_REFV_20210408113743_8.nii,96,,TFL_SAG_2MMISO_384MM_REFV_0007_tfl_sag_2mmISO_384mm_REFV_20210408113743_7_seg,15,594.4666666666667,19.902651972929526
2021-05-13 23:20:49,5.2.0,/Users/evaalonsoortiz/Documents/Academic/Postdoc_Julien/Projects/THS_7T/Data/7t-spine-coil/TFL_SAG_2MMISO_384MM_REFV_0008/TFL_SAG_2MMISO_384MM_REFV_0008_tfl_sag_2mmISO_384mm_REFV_20210408113743_8.nii,97,,TFL_SAG_2MMISO_384MM_REFV_0007_tfl_sag_2mmISO_384mm_REFV_20210408113743_7_seg,15,591.2666666666667,17.74060001490617
2021-05-13 23:20:49,5.2.0,/Users/evaalonsoortiz/Documents/Academic/Postdoc_Julien/Projects/THS_7T/Data/7t-spine-coil/TFL_SAG_2MMISO_384MM_REFV_0008/TFL_SAG_2MMISO_384MM_REFV_0008_tfl_sag_2mmISO_384mm_REFV_20210408113743_8.nii,98,,TFL_SAG_2MMISO_384MM_REFV_0007_tfl_sag_2mmISO_384mm_REFV_20210408113743_7_seg,13,592.0769230769231,19.76189627486943
2021-05-13 23:20:49,5.2.0,/Users/evaalonsoortiz/Documents/Academic/Postdoc_Julien/Projects/THS_7T/Data/7t-spine-coil/TFL_SAG_2MMISO_384MM_REFV_0008/TFL_SAG_2MMISO_384MM_REFV_0008_tfl_sag_2mmISO_384mm_REFV_20210408113743_8.nii,99,,TFL_SAG_2MMISO_384MM_REFV_0007_tfl_sag_2mmISO_384mm_REFV_20210408113743_7_seg,11,586.6363636363636,19.70358863148228
2021-05-13 23:20:49,5.2.0,/Users/evaalonsoortiz/Documents/Academic/Postdoc_Julien/Projects/THS_7T/Data/7t-spine-coil/TFL_SAG_2MMISO_384MM_REFV_0008/TFL_SAG_2MMISO_384MM_REFV_0008_tfl_sag_2mmISO_384mm_REFV_20210408113743_8.nii,100,,TFL_SAG_2MMISO_384MM_REFV_0007_tfl_sag_2mmISO_384mm_REFV_20210408113743_7_seg,18,586.9444444444445,20.921738355176632
2021-05-13 23:20:49,5.2.0,/Users/evaalonsoortiz/Documents/Academic/Postdoc_Julien/Projects/THS_7T/Data/7t-spine-coil/TFL_SAG_2MMISO_384MM_REFV_0008/TFL_SAG_2MMISO_384MM_REFV_0008_tfl_sag_2mmISO_384mm_REFV_20210408113743_8.nii,101,,TFL_SAG_2MMISO_384MM_REFV_0007_tfl_sag_2mmISO_384mm_REFV_20210408113743_7_seg,18,579.6111111111111,24.875554463700766
2021-05-13 23:20:49,5.2.0,/Users/evaalonsoortiz/Documents/Academic/Postdoc_Julien/Projects/THS_7T/Data/7t-spine-coil/TFL_SAG_2MMISO_384MM_REFV_0008/TFL_SAG_2MMISO_384MM_REFV_0008_tfl_sag_2mmISO_384mm_REFV_20210408113743_8.nii,102,,TFL_SAG_2MMISO_384MM_REFV_0007_tfl_sag_2mmISO_384mm_REFV_20210408113743_7_seg,18,575.9444444444445,23.438980405920727
2021-05-13 23:20:49,5.2.0,/Users/evaalonsoortiz/Documents/Academic/Postdoc_Julien/Projects/THS_7T/Data/7t-spine-coil/TFL_SAG_2MMISO_384MM_REFV_0008/TFL_SAG_2MMISO_384MM_REFV_0008_tfl_sag_2mmISO_384mm_REFV_20210408113743_8.nii,103,,TFL_SAG_2MMISO_384MM_REFV_0007_tfl_sag_2mmISO_384mm_REFV_20210408113743_7_seg,17,572.8235294117648,22.796375599740173
2021-05-13 23:20:49,5.2.0,/Users/evaalonsoortiz/Documents/Academic/Postdoc_Julien/Projects/THS_7T/Data/7t-spine-coil/TFL_SAG_2MMISO_384MM_REFV_0008/TFL_SAG_2MMISO_384MM_REFV_0008_tfl_sag_2mmISO_384mm_REFV_20210408113743_8.nii,104,,TFL_SAG_2MMISO_384MM_REFV_0007_tfl_sag_2mmISO_384mm_REFV_20210408113743_7_seg,12,569.5,20.686146733180315
2021-05-13 23:20:49,5.2.0,/Users/evaalonsoortiz/Documents/Academic/Postdoc_Julien/Projects/THS_7T/Data/7t-spine-coil/TFL_SAG_2MMISO_384MM_REFV_0008/TFL_SAG_2MMISO_384MM_REFV_0008_tfl_sag_2mmISO_384mm_REFV_20210408113743_8.nii,105,,TFL_SAG_2MMISO_384MM_REFV_0007_tfl_sag_2mmISO_384mm_REFV_20210408113743_7_seg,14,569.2857142857143,23.09430533217031
2021-05-13 23:20:49,5.2.0,/Users/evaalonsoortiz/Documents/Academic/Postdoc_Julien/Projects/THS_7T/Data/7t-spine-coil/TFL_SAG_2MMISO_384MM_REFV_0008/TFL_SAG_2MMISO_384MM_REFV_0008_tfl_sag_2mmISO_384mm_REFV_20210408113743_8.nii,106,,TFL_SAG_2MMISO_384MM_REFV_0007_tfl_sag_2mmISO_384mm_REFV_20210408113743_7_seg,14,569.5,18.80254542038695
2021-05-13 23:20:49,5.2.0,/Users/evaalonsoortiz/Documents/Academic/Postdoc_Julien/Projects/THS_7T/Data/7t-spine-coil/TFL_SAG_2MMISO_384MM_REFV_0008/TFL_SAG_2MMISO_384MM_REFV_0008_tfl_sag_2mmISO_384mm_REFV_20210408113743_8.nii,107,,TFL_SAG_2MMISO_384MM_REFV_0007_tfl_sag_2mmISO_384mm_REFV_20210408113743_7_seg,13,556.3076923076923,21.065409544795013
2021-05-13 23:20:49,5.2.0,/Users/evaalonsoortiz/Documents/Academic/Postdoc_Julien/Projects/THS_7T/Data/7t-spine-coil/TFL_SAG_2MMISO_384MM_REFV_0008/TFL_SAG_2MMISO_384MM_REFV_0008_tfl_sag_2mmISO_384mm_REFV_20210408113743_8.nii,108,,TFL_SAG_2MMISO_384MM_REFV_0007_tfl_sag_2mmISO_384mm_REFV_20210408113743_7_seg,14,556.1428571428571,17.79990827768159
2021-05-13 23:20:49,5.2.0,/Users/evaalonsoortiz/Documents/Academic/Postdoc_Julien/Projects/THS_7T/Data/7t-spine-coil/TFL_SAG_2MMISO_384MM_REFV_0008/TFL_SAG_2MMISO_384MM_REFV_0008_tfl_sag_2mmISO_384mm_REFV_20210408113743_8.nii,109,,TFL_SAG_2MMISO_384MM_REFV_0007_tfl_sag_2mmISO_384mm_REFV_20210408113743_7_seg,13,553.2307692307693,23.44602261219077
2021-05-13 23:20:49,5.2.0,/Users/evaalonsoortiz/Documents/Academic/Postdoc_Julien/Projects/THS_7T/Data/7t-spine-coil/TFL_SAG_2MMISO_384MM_REFV_0008/TFL_SAG_2MMISO_384MM_REFV_0008_tfl_sag_2mmISO_384mm_REFV_20210408113743_8.nii,110,,TFL_SAG_2MMISO_384MM_REFV_0007_tfl_sag_2mmISO_384mm_REFV_20210408113743_7_seg,15,545.4,22.670979981759356
2021-05-13 23:20:49,5.2.0,/Users/evaalonsoortiz/Documents/Academic/Postdoc_Julien/Projects/THS_7T/Data/7t-spine-coil/TFL_SAG_2MMISO_384MM_REFV_0008/TFL_SAG_2MMISO_384MM_REFV_0008_tfl_sag_2mmISO_384mm_REFV_20210408113743_8.nii,111,,TFL_SAG_2MMISO_384MM_REFV_0007_tfl_sag_2mmISO_384mm_REFV_20210408113743_7_seg,8,549.0,13.919410907075054
2021-05-13 23:20:49,5.2.0,/Users/evaalonsoortiz/Documents/Academic/Postdoc_Julien/Projects/THS_7T/Data/7t-spine-coil/TFL_SAG_2MMISO_384MM_REFV_0008/TFL_SAG_2MMISO_384MM_REFV_0008_tfl_sag_2mmISO_384mm_REFV_20210408113743_8.nii,112,,TFL_SAG_2MMISO_384MM_REFV_0007_tfl_sag_2mmISO_384mm_REFV_20210408113743_7_seg,6,546.1666666666666,15.962629969887654
2021-05-13 23:20:49,5.2.0,/Users/evaalonsoortiz/Documents/Academic/Postdoc_Julien/Projects/THS_7T/Data/7t-spine-coil/TFL_SAG_2MMISO_384MM_REFV_0008/TFL_SAG_2MMISO_384MM_REFV_0008_tfl_sag_2mmISO_384mm_REFV_20210408113743_8.nii,113,,TFL_SAG_2MMISO_384MM_REFV_0007_tfl_sag_2mmISO_384mm_REFV_20210408113743_7_seg,5,543.4,7.552483035399682
2021-05-13 23:20:49,5.2.0,/Users/evaalonsoortiz/Documents/Academic/Postdoc_Julien/Projects/THS_7T/Data/7t-spine-coil/TFL_SAG_2MMISO_384MM_REFV_0008/TFL_SAG_2MMISO_384MM_REFV_0008_tfl_sag_2mmISO_384mm_REFV_20210408113743_8.nii,114,,TFL_SAG_2MMISO_384MM_REFV_0007_tfl_sag_2mmISO_384mm_REFV_20210408113743_7_seg,0,None,None
2021-05-13 23:20:49,5.2.0,/Users/evaalonsoortiz/Documents/Academic/Postdoc_Julien/Projects/THS_7T/Data/7t-spine-coil/TFL_SAG_2MMISO_384MM_REFV_0008/TFL_SAG_2MMISO_384MM_REFV_0008_tfl_sag_2mmISO_384mm_REFV_20210408113743_8.nii,115,,TFL_SAG_2MMISO_384MM_REFV_0007_tfl_sag_2mmISO_384mm_REFV_20210408113743_7_seg,0,None,None
2021-05-13 23:20:49,5.2.0,/Users/evaalonsoortiz/Documents/Academic/Postdoc_Julien/Projects/THS_7T/Data/7t-spine-coil/TFL_SAG_2MMISO_384MM_REFV_0008/TFL_SAG_2MMISO_384MM_REFV_0008_tfl_sag_2mmISO_384mm_REFV_20210408113743_8.nii,116,,TFL_SAG_2MMISO_384MM_REFV_0007_tfl_sag_2mmISO_384mm_REFV_20210408113743_7_seg,0,None,None
2021-05-13 23:20:49,5.2.0,/Users/evaalonsoortiz/Documents/Academic/Postdoc_Julien/Projects/THS_7T/Data/7t-spine-coil/TFL_SAG_2MMISO_384MM_REFV_0008/TFL_SAG_2MMISO_384MM_REFV_0008_tfl_sag_2mmISO_384mm_REFV_20210408113743_8.nii,117,,TFL_SAG_2MMISO_384MM_REFV_0007_tfl_sag_2mmISO_384mm_REFV_20210408113743_7_seg,0,None,None
2021-05-13 23:20:49,5.2.0,/Users/evaalonsoortiz/Documents/Academic/Postdoc_Julien/Projects/THS_7T/Data/7t-spine-coil/TFL_SAG_2MMISO_384MM_REFV_0008/TFL_SAG_2MMISO_384MM_REFV_0008_tfl_sag_2mmISO_384mm_REFV_20210408113743_8.nii,118,,TFL_SAG_2MMISO_384MM_REFV_0007_tfl_sag_2mmISO_384mm_REFV_20210408113743_7_seg,0,None,None
2021-05-13 23:20:49,5.2.0,/Users/evaalonsoortiz/Documents/Academic/Postdoc_Julien/Projects/THS_7T/Data/7t-spine-coil/TFL_SAG_2MMISO_384MM_REFV_0008/TFL_SAG_2MMISO_384MM_REFV_0008_tfl_sag_2mmISO_384mm_REFV_20210408113743_8.nii,119,,TFL_SAG_2MMISO_384MM_REFV_0007_tfl_sag_2mmISO_384mm_REFV_20210408113743_7_seg,0,None,None
2021-05-13 23:20:49,5.2.0,/Users/evaalonsoortiz/Documents/Academic/Postdoc_Julien/Projects/THS_7T/Data/7t-spine-coil/TFL_SAG_2MMISO_384MM_REFV_0008/TFL_SAG_2MMISO_384MM_REFV_0008_tfl_sag_2mmISO_384mm_REFV_20210408113743_8.nii,120,,TFL_SAG_2MMISO_384MM_REFV_0007_tfl_sag_2mmISO_384mm_REFV_20210408113743_7_seg,0,None,None
2021-05-13 23:20:49,5.2.0,/Users/evaalonsoortiz/Documents/Academic/Postdoc_Julien/Projects/THS_7T/Data/7t-spine-coil/TFL_SAG_2MMISO_384MM_REFV_0008/TFL_SAG_2MMISO_384MM_REFV_0008_tfl_sag_2mmISO_384mm_REFV_20210408113743_8.nii,121,,TFL_SAG_2MMISO_384MM_REFV_0007_tfl_sag_2mmISO_384mm_REFV_20210408113743_7_seg,0,None,None
2021-05-13 23:20:49,5.2.0,/Users/evaalonsoortiz/Documents/Academic/Postdoc_Julien/Projects/THS_7T/Data/7t-spine-coil/TFL_SAG_2MMISO_384MM_REFV_0008/TFL_SAG_2MMISO_384MM_REFV_0008_tfl_sag_2mmISO_384mm_REFV_20210408113743_8.nii,122,,TFL_SAG_2MMISO_384MM_REFV_0007_tfl_sag_2mmISO_384mm_REFV_20210408113743_7_seg,0,None,None
2021-05-13 23:20:49,5.2.0,/Users/evaalonsoortiz/Documents/Academic/Postdoc_Julien/Projects/THS_7T/Data/7t-spine-coil/TFL_SAG_2MMISO_384MM_REFV_0008/TFL_SAG_2MMISO_384MM_REFV_0008_tfl_sag_2mmISO_384mm_REFV_20210408113743_8.nii,123,,TFL_SAG_2MMISO_384MM_REFV_0007_tfl_sag_2mmISO_384mm_REFV_20210408113743_7_seg,0,None,None
2021-05-13 23:20:49,5.2.0,/Users/evaalonsoortiz/Documents/Academic/Postdoc_Julien/Projects/THS_7T/Data/7t-spine-coil/TFL_SAG_2MMISO_384MM_REFV_0008/TFL_SAG_2MMISO_384MM_REFV_0008_tfl_sag_2mmISO_384mm_REFV_20210408113743_8.nii,124,,TFL_SAG_2MMISO_384MM_REFV_0007_tfl_sag_2mmISO_384mm_REFV_20210408113743_7_seg,0,None,None
2021-05-13 23:20:49,5.2.0,/Users/evaalonsoortiz/Documents/Academic/Postdoc_Julien/Projects/THS_7T/Data/7t-spine-coil/TFL_SAG_2MMISO_384MM_REFV_0008/TFL_SAG_2MMISO_384MM_REFV_0008_tfl_sag_2mmISO_384mm_REFV_20210408113743_8.nii,125,,TFL_SAG_2MMISO_384MM_REFV_0007_tfl_sag_2mmISO_384mm_REFV_20210408113743_7_seg,0,None,None
2021-05-13 23:20:49,5.2.0,/Users/evaalonsoortiz/Documents/Academic/Postdoc_Julien/Projects/THS_7T/Data/7t-spine-coil/TFL_SAG_2MMISO_384MM_REFV_0008/TFL_SAG_2MMISO_384MM_REFV_0008_tfl_sag_2mmISO_384mm_REFV_20210408113743_8.nii,126,,TFL_SAG_2MMISO_384MM_REFV_0007_tfl_sag_2mmISO_384mm_REFV_20210408113743_7_seg,0,None,None
2021-05-13 23:20:49,5.2.0,/Users/evaalonsoortiz/Documents/Academic/Postdoc_Julien/Projects/THS_7T/Data/7t-spine-coil/TFL_SAG_2MMISO_384MM_REFV_0008/TFL_SAG_2MMISO_384MM_REFV_0008_tfl_sag_2mmISO_384mm_REFV_20210408113743_8.nii,127,,TFL_SAG_2MMISO_384MM_REFV_0007_tfl_sag_2mmISO_384mm_REFV_20210408113743_7_seg,0,None,None
2021-05-13 23:20:49,5.2.0,/Users/evaalonsoortiz/Documents/Academic/Postdoc_Julien/Projects/THS_7T/Data/7t-spine-coil/TFL_SAG_2MMISO_384MM_REFV_0008/TFL_SAG_2MMISO_384MM_REFV_0008_tfl_sag_2mmISO_384mm_REFV_20210408113743_8.nii,128,,TFL_SAG_2MMISO_384MM_REFV_0007_tfl_sag_2mmISO_384mm_REFV_20210408113743_7_seg,0,None,None
2021-05-13 23:20:49,5.2.0,/Users/evaalonsoortiz/Documents/Academic/Postdoc_Julien/Projects/THS_7T/Data/7t-spine-coil/TFL_SAG_2MMISO_384MM_REFV_0008/TFL_SAG_2MMISO_384MM_REFV_0008_tfl_sag_2mmISO_384mm_REFV_20210408113743_8.nii,129,,TFL_SAG_2MMISO_384MM_REFV_0007_tfl_sag_2mmISO_384mm_REFV_20210408113743_7_seg,0,None,None
2021-05-13 23:20:49,5.2.0,/Users/evaalonsoortiz/Documents/Academic/Postdoc_Julien/Projects/THS_7T/Data/7t-spine-coil/TFL_SAG_2MMISO_384MM_REFV_0008/TFL_SAG_2MMISO_384MM_REFV_0008_tfl_sag_2mmISO_384mm_REFV_20210408113743_8.nii,130,,TFL_SAG_2MMISO_384MM_REFV_0007_tfl_sag_2mmISO_384mm_REFV_20210408113743_7_seg,0,None,None
2021-05-13 23:20:49,5.2.0,/Users/evaalonsoortiz/Documents/Academic/Postdoc_Julien/Projects/THS_7T/Data/7t-spine-coil/TFL_SAG_2MMISO_384MM_REFV_0008/TFL_SAG_2MMISO_384MM_REFV_0008_tfl_sag_2mmISO_384mm_REFV_20210408113743_8.nii,131,,TFL_SAG_2MMISO_384MM_REFV_0007_tfl_sag_2mmISO_384mm_REFV_20210408113743_7_seg,0,None,None
2021-05-13 23:20:49,5.2.0,/Users/evaalonsoortiz/Documents/Academic/Postdoc_Julien/Projects/THS_7T/Data/7t-spine-coil/TFL_SAG_2MMISO_384MM_REFV_0008/TFL_SAG_2MMISO_384MM_REFV_0008_tfl_sag_2mmISO_384mm_REFV_20210408113743_8.nii,132,,TFL_SAG_2MMISO_384MM_REFV_0007_tfl_sag_2mmISO_384mm_REFV_20210408113743_7_seg,0,None,None
2021-05-13 23:20:49,5.2.0,/Users/evaalonsoortiz/Documents/Academic/Postdoc_Julien/Projects/THS_7T/Data/7t-spine-coil/TFL_SAG_2MMISO_384MM_REFV_0008/TFL_SAG_2MMISO_384MM_REFV_0008_tfl_sag_2mmISO_384mm_REFV_20210408113743_8.nii,133,,TFL_SAG_2MMISO_384MM_REFV_0007_tfl_sag_2mmISO_384mm_REFV_20210408113743_7_seg,0,None,None
2021-05-13 23:20:49,5.2.0,/Users/evaalonsoortiz/Documents/Academic/Postdoc_Julien/Projects/THS_7T/Data/7t-spine-coil/TFL_SAG_2MMISO_384MM_REFV_0008/TFL_SAG_2MMISO_384MM_REFV_0008_tfl_sag_2mmISO_384mm_REFV_20210408113743_8.nii,134,,TFL_SAG_2MMISO_384MM_REFV_0007_tfl_sag_2mmISO_384mm_REFV_20210408113743_7_seg,0,None,None
2021-05-13 23:20:49,5.2.0,/Users/evaalonsoortiz/Documents/Academic/Postdoc_Julien/Projects/THS_7T/Data/7t-spine-coil/TFL_SAG_2MMISO_384MM_REFV_0008/TFL_SAG_2MMISO_384MM_REFV_0008_tfl_sag_2mmISO_384mm_REFV_20210408113743_8.nii,135,,TFL_SAG_2MMISO_384MM_REFV_0007_tfl_sag_2mmISO_384mm_REFV_20210408113743_7_seg,0,None,None
2021-05-13 23:20:49,5.2.0,/Users/evaalonsoortiz/Documents/Academic/Postdoc_Julien/Projects/THS_7T/Data/7t-spine-coil/TFL_SAG_2MMISO_384MM_REFV_0008/TFL_SAG_2MMISO_384MM_REFV_0008_tfl_sag_2mmISO_384mm_REFV_20210408113743_8.nii,136,,TFL_SAG_2MMISO_384MM_REFV_0007_tfl_sag_2mmISO_384mm_REFV_20210408113743_7_seg,0,None,None
2021-05-13 23:20:49,5.2.0,/Users/evaalonsoortiz/Documents/Academic/Postdoc_Julien/Projects/THS_7T/Data/7t-spine-coil/TFL_SAG_2MMISO_384MM_REFV_0008/TFL_SAG_2MMISO_384MM_REFV_0008_tfl_sag_2mmISO_384mm_REFV_20210408113743_8.nii,137,,TFL_SAG_2MMISO_384MM_REFV_0007_tfl_sag_2mmISO_384mm_REFV_20210408113743_7_seg,0,None,None
2021-05-13 23:20:49,5.2.0,/Users/evaalonsoortiz/Documents/Academic/Postdoc_Julien/Projects/THS_7T/Data/7t-spine-coil/TFL_SAG_2MMISO_384MM_REFV_0008/TFL_SAG_2MMISO_384MM_REFV_0008_tfl_sag_2mmISO_384mm_REFV_20210408113743_8.nii,138,,TFL_SAG_2MMISO_384MM_REFV_0007_tfl_sag_2mmISO_384mm_REFV_20210408113743_7_seg,0,None,None
2021-05-13 23:20:49,5.2.0,/Users/evaalonsoortiz/Documents/Academic/Postdoc_Julien/Projects/THS_7T/Data/7t-spine-coil/TFL_SAG_2MMISO_384MM_REFV_0008/TFL_SAG_2MMISO_384MM_REFV_0008_tfl_sag_2mmISO_384mm_REFV_20210408113743_8.nii,139,,TFL_SAG_2MMISO_384MM_REFV_0007_tfl_sag_2mmISO_384mm_REFV_20210408113743_7_seg,0,None,None
2021-05-13 23:20:49,5.2.0,/Users/evaalonsoortiz/Documents/Academic/Postdoc_Julien/Projects/THS_7T/Data/7t-spine-coil/TFL_SAG_2MMISO_384MM_REFV_0008/TFL_SAG_2MMISO_384MM_REFV_0008_tfl_sag_2mmISO_384mm_REFV_20210408113743_8.nii,140,,TFL_SAG_2MMISO_384MM_REFV_0007_tfl_sag_2mmISO_384mm_REFV_20210408113743_7_seg,0,None,None
2021-05-13 23:20:49,5.2.0,/Users/evaalonsoortiz/Documents/Academic/Postdoc_Julien/Projects/THS_7T/Data/7t-spine-coil/TFL_SAG_2MMISO_384MM_REFV_0008/TFL_SAG_2MMISO_384MM_REFV_0008_tfl_sag_2mmISO_384mm_REFV_20210408113743_8.nii,141,,TFL_SAG_2MMISO_384MM_REFV_0007_tfl_sag_2mmISO_384mm_REFV_20210408113743_7_seg,0,None,None
2021-05-13 23:20:49,5.2.0,/Users/evaalonsoortiz/Documents/Academic/Postdoc_Julien/Projects/THS_7T/Data/7t-spine-coil/TFL_SAG_2MMISO_384MM_REFV_0008/TFL_SAG_2MMISO_384MM_REFV_0008_tfl_sag_2mmISO_384mm_REFV_20210408113743_8.nii,142,,TFL_SAG_2MMISO_384MM_REFV_0007_tfl_sag_2mmISO_384mm_REFV_20210408113743_7_seg,0,None,None
2021-05-13 23:20:49,5.2.0,/Users/evaalonsoortiz/Documents/Academic/Postdoc_Julien/Projects/THS_7T/Data/7t-spine-coil/TFL_SAG_2MMISO_384MM_REFV_0008/TFL_SAG_2MMISO_384MM_REFV_0008_tfl_sag_2mmISO_384mm_REFV_20210408113743_8.nii,143,,TFL_SAG_2MMISO_384MM_REFV_0007_tfl_sag_2mmISO_384mm_REFV_20210408113743_7_seg,0,None,None
2021-05-13 23:20:49,5.2.0,/Users/evaalonsoortiz/Documents/Academic/Postdoc_Julien/Projects/THS_7T/Data/7t-spine-coil/TFL_SAG_2MMISO_384MM_REFV_0008/TFL_SAG_2MMISO_384MM_REFV_0008_tfl_sag_2mmISO_384mm_REFV_20210408113743_8.nii,144,,TFL_SAG_2MMISO_384MM_REFV_0007_tfl_sag_2mmISO_384mm_REFV_20210408113743_7_seg,0,None,None
2021-05-13 23:20:49,5.2.0,/Users/evaalonsoortiz/Documents/Academic/Postdoc_Julien/Projects/THS_7T/Data/7t-spine-coil/TFL_SAG_2MMISO_384MM_REFV_0008/TFL_SAG_2MMISO_384MM_REFV_0008_tfl_sag_2mmISO_384mm_REFV_20210408113743_8.nii,145,,TFL_SAG_2MMISO_384MM_REFV_0007_tfl_sag_2mmISO_384mm_REFV_20210408113743_7_seg,0,None,None
2021-05-13 23:20:49,5.2.0,/Users/evaalonsoortiz/Documents/Academic/Postdoc_Julien/Projects/THS_7T/Data/7t-spine-coil/TFL_SAG_2MMISO_384MM_REFV_0008/TFL_SAG_2MMISO_384MM_REFV_0008_tfl_sag_2mmISO_384mm_REFV_20210408113743_8.nii,146,,TFL_SAG_2MMISO_384MM_REFV_0007_tfl_sag_2mmISO_384mm_REFV_20210408113743_7_seg,0,None,None
2021-05-13 23:20:49,5.2.0,/Users/evaalonsoortiz/Documents/Academic/Postdoc_Julien/Projects/THS_7T/Data/7t-spine-coil/TFL_SAG_2MMISO_384MM_REFV_0008/TFL_SAG_2MMISO_384MM_REFV_0008_tfl_sag_2mmISO_384mm_REFV_20210408113743_8.nii,147,,TFL_SAG_2MMISO_384MM_REFV_0007_tfl_sag_2mmISO_384mm_REFV_20210408113743_7_seg,0,None,None
2021-05-13 23:20:49,5.2.0,/Users/evaalonsoortiz/Documents/Academic/Postdoc_Julien/Projects/THS_7T/Data/7t-spine-coil/TFL_SAG_2MMISO_384MM_REFV_0008/TFL_SAG_2MMISO_384MM_REFV_0008_tfl_sag_2mmISO_384mm_REFV_20210408113743_8.nii,148,,TFL_SAG_2MMISO_384MM_REFV_0007_tfl_sag_2mmISO_384mm_REFV_20210408113743_7_seg,0,None,None
2021-05-13 23:20:49,5.2.0,/Users/evaalonsoortiz/Documents/Academic/Postdoc_Julien/Projects/THS_7T/Data/7t-spine-coil/TFL_SAG_2MMISO_384MM_REFV_0008/TFL_SAG_2MMISO_384MM_REFV_0008_tfl_sag_2mmISO_384mm_REFV_20210408113743_8.nii,149,,TFL_SAG_2MMISO_384MM_REFV_0007_tfl_sag_2mmISO_384mm_REFV_20210408113743_7_seg,0,None,None
2021-05-13 23:20:49,5.2.0,/Users/evaalonsoortiz/Documents/Academic/Postdoc_Julien/Projects/THS_7T/Data/7t-spine-coil/TFL_SAG_2MMISO_384MM_REFV_0008/TFL_SAG_2MMISO_384MM_REFV_0008_tfl_sag_2mmISO_384mm_REFV_20210408113743_8.nii,150,,TFL_SAG_2MMISO_384MM_REFV_0007_tfl_sag_2mmISO_384mm_REFV_20210408113743_7_seg,0,None,None
2021-05-13 23:20:49,5.2.0,/Users/evaalonsoortiz/Documents/Academic/Postdoc_Julien/Projects/THS_7T/Data/7t-spine-coil/TFL_SAG_2MMISO_384MM_REFV_0008/TFL_SAG_2MMISO_384MM_REFV_0008_tfl_sag_2mmISO_384mm_REFV_20210408113743_8.nii,151,,TFL_SAG_2MMISO_384MM_REFV_0007_tfl_sag_2mmISO_384mm_REFV_20210408113743_7_seg,0,None,None
2021-05-13 23:20:49,5.2.0,/Users/evaalonsoortiz/Documents/Academic/Postdoc_Julien/Projects/THS_7T/Data/7t-spine-coil/TFL_SAG_2MMISO_384MM_REFV_0008/TFL_SAG_2MMISO_384MM_REFV_0008_tfl_sag_2mmISO_384mm_REFV_20210408113743_8.nii,152,,TFL_SAG_2MMISO_384MM_REFV_0007_tfl_sag_2mmISO_384mm_REFV_20210408113743_7_seg,0,None,None
2021-05-13 23:20:49,5.2.0,/Users/evaalonsoortiz/Documents/Academic/Postdoc_Julien/Projects/THS_7T/Data/7t-spine-coil/TFL_SAG_2MMISO_384MM_REFV_0008/TFL_SAG_2MMISO_384MM_REFV_0008_tfl_sag_2mmISO_384mm_REFV_20210408113743_8.nii,153,,TFL_SAG_2MMISO_384MM_REFV_0007_tfl_sag_2mmISO_384mm_REFV_20210408113743_7_seg,0,None,None
2021-05-13 23:20:49,5.2.0,/Users/evaalonsoortiz/Documents/Academic/Postdoc_Julien/Projects/THS_7T/Data/7t-spine-coil/TFL_SAG_2MMISO_384MM_REFV_0008/TFL_SAG_2MMISO_384MM_REFV_0008_tfl_sag_2mmISO_384mm_REFV_20210408113743_8.nii,154,,TFL_SAG_2MMISO_384MM_REFV_0007_tfl_sag_2mmISO_384mm_REFV_20210408113743_7_seg,0,None,None
2021-05-13 23:20:49,5.2.0,/Users/evaalonsoortiz/Documents/Academic/Postdoc_Julien/Projects/THS_7T/Data/7t-spine-coil/TFL_SAG_2MMISO_384MM_REFV_0008/TFL_SAG_2MMISO_384MM_REFV_0008_tfl_sag_2mmISO_384mm_REFV_20210408113743_8.nii,155,,TFL_SAG_2MMISO_384MM_REFV_0007_tfl_sag_2mmISO_384mm_REFV_20210408113743_7_seg,0,None,None
2021-05-13 23:20:49,5.2.0,/Users/evaalonsoortiz/Documents/Academic/Postdoc_Julien/Projects/THS_7T/Data/7t-spine-coil/TFL_SAG_2MMISO_384MM_REFV_0008/TFL_SAG_2MMISO_384MM_REFV_0008_tfl_sag_2mmISO_384mm_REFV_20210408113743_8.nii,156,,TFL_SAG_2MMISO_384MM_REFV_0007_tfl_sag_2mmISO_384mm_REFV_20210408113743_7_seg,0,None,None
2021-05-13 23:20:49,5.2.0,/Users/evaalonsoortiz/Documents/Academic/Postdoc_Julien/Projects/THS_7T/Data/7t-spine-coil/TFL_SAG_2MMISO_384MM_REFV_0008/TFL_SAG_2MMISO_384MM_REFV_0008_tfl_sag_2mmISO_384mm_REFV_20210408113743_8.nii,157,,TFL_SAG_2MMISO_384MM_REFV_0007_tfl_sag_2mmISO_384mm_REFV_20210408113743_7_seg,0,None,None
2021-05-13 23:20:49,5.2.0,/Users/evaalonsoortiz/Documents/Academic/Postdoc_Julien/Projects/THS_7T/Data/7t-spine-coil/TFL_SAG_2MMISO_384MM_REFV_0008/TFL_SAG_2MMISO_384MM_REFV_0008_tfl_sag_2mmISO_384mm_REFV_20210408113743_8.nii,158,,TFL_SAG_2MMISO_384MM_REFV_0007_tfl_sag_2mmISO_384mm_REFV_20210408113743_7_seg,0,None,None
2021-05-13 23:20:49,5.2.0,/Users/evaalonsoortiz/Documents/Academic/Postdoc_Julien/Projects/THS_7T/Data/7t-spine-coil/TFL_SAG_2MMISO_384MM_REFV_0008/TFL_SAG_2MMISO_384MM_REFV_0008_tfl_sag_2mmISO_384mm_REFV_20210408113743_8.nii,159,,TFL_SAG_2MMISO_384MM_REFV_0007_tfl_sag_2mmISO_384mm_REFV_20210408113743_7_seg,0,None,None
2021-05-13 23:20:49,5.2.0,/Users/evaalonsoortiz/Documents/Academic/Postdoc_Julien/Projects/THS_7T/Data/7t-spine-coil/TFL_SAG_2MMISO_384MM_REFV_0008/TFL_SAG_2MMISO_384MM_REFV_0008_tfl_sag_2mmISO_384mm_REFV_20210408113743_8.nii,160,,TFL_SAG_2MMISO_384MM_REFV_0007_tfl_sag_2mmISO_384mm_REFV_20210408113743_7_seg,0,None,None
2021-05-13 23:20:49,5.2.0,/Users/evaalonsoortiz/Documents/Academic/Postdoc_Julien/Projects/THS_7T/Data/7t-spine-coil/TFL_SAG_2MMISO_384MM_REFV_0008/TFL_SAG_2MMISO_384MM_REFV_0008_tfl_sag_2mmISO_384mm_REFV_20210408113743_8.nii,161,,TFL_SAG_2MMISO_384MM_REFV_0007_tfl_sag_2mmISO_384mm_REFV_20210408113743_7_seg,0,None,None
2021-05-13 23:20:49,5.2.0,/Users/evaalonsoortiz/Documents/Academic/Postdoc_Julien/Projects/THS_7T/Data/7t-spine-coil/TFL_SAG_2MMISO_384MM_REFV_0008/TFL_SAG_2MMISO_384MM_REFV_0008_tfl_sag_2mmISO_384mm_REFV_20210408113743_8.nii,162,,TFL_SAG_2MMISO_384MM_REFV_0007_tfl_sag_2mmISO_384mm_REFV_20210408113743_7_seg,0,None,None
2021-05-13 23:20:49,5.2.0,/Users/evaalonsoortiz/Documents/Academic/Postdoc_Julien/Projects/THS_7T/Data/7t-spine-coil/TFL_SAG_2MMISO_384MM_REFV_0008/TFL_SAG_2MMISO_384MM_REFV_0008_tfl_sag_2mmISO_384mm_REFV_20210408113743_8.nii,163,,TFL_SAG_2MMISO_384MM_REFV_0007_tfl_sag_2mmISO_384mm_REFV_20210408113743_7_seg,0,None,None
2021-05-13 23:20:49,5.2.0,/Users/evaalonsoortiz/Documents/Academic/Postdoc_Julien/Projects/THS_7T/Data/7t-spine-coil/TFL_SAG_2MMISO_384MM_REFV_0008/TFL_SAG_2MMISO_384MM_REFV_0008_tfl_sag_2mmISO_384mm_REFV_20210408113743_8.nii,164,,TFL_SAG_2MMISO_384MM_REFV_0007_tfl_sag_2mmISO_384mm_REFV_20210408113743_7_seg,0,None,None
2021-05-13 23:20:49,5.2.0,/Users/evaalonsoortiz/Documents/Academic/Postdoc_Julien/Projects/THS_7T/Data/7t-spine-coil/TFL_SAG_2MMISO_384MM_REFV_0008/TFL_SAG_2MMISO_384MM_REFV_0008_tfl_sag_2mmISO_384mm_REFV_20210408113743_8.nii,165,,TFL_SAG_2MMISO_384MM_REFV_0007_tfl_sag_2mmISO_384mm_REFV_20210408113743_7_seg,0,None,None
2021-05-13 23:20:49,5.2.0,/Users/evaalonsoortiz/Documents/Academic/Postdoc_Julien/Projects/THS_7T/Data/7t-spine-coil/TFL_SAG_2MMISO_384MM_REFV_0008/TFL_SAG_2MMISO_384MM_REFV_0008_tfl_sag_2mmISO_384mm_REFV_20210408113743_8.nii,166,,TFL_SAG_2MMISO_384MM_REFV_0007_tfl_sag_2mmISO_384mm_REFV_20210408113743_7_seg,0,None,None
2021-05-13 23:20:49,5.2.0,/Users/evaalonsoortiz/Documents/Academic/Postdoc_Julien/Projects/THS_7T/Data/7t-spine-coil/TFL_SAG_2MMISO_384MM_REFV_0008/TFL_SAG_2MMISO_384MM_REFV_0008_tfl_sag_2mmISO_384mm_REFV_20210408113743_8.nii,167,,TFL_SAG_2MMISO_384MM_REFV_0007_tfl_sag_2mmISO_384mm_REFV_20210408113743_7_seg,0,None,None
2021-05-13 23:20:49,5.2.0,/Users/evaalonsoortiz/Documents/Academic/Postdoc_Julien/Projects/THS_7T/Data/7t-spine-coil/TFL_SAG_2MMISO_384MM_REFV_0008/TFL_SAG_2MMISO_384MM_REFV_0008_tfl_sag_2mmISO_384mm_REFV_20210408113743_8.nii,168,,TFL_SAG_2MMISO_384MM_REFV_0007_tfl_sag_2mmISO_384mm_REFV_20210408113743_7_seg,0,None,None
2021-05-13 23:20:49,5.2.0,/Users/evaalonsoortiz/Documents/Academic/Postdoc_Julien/Projects/THS_7T/Data/7t-spine-coil/TFL_SAG_2MMISO_384MM_REFV_0008/TFL_SAG_2MMISO_384MM_REFV_0008_tfl_sag_2mmISO_384mm_REFV_20210408113743_8.nii,169,,TFL_SAG_2MMISO_384MM_REFV_0007_tfl_sag_2mmISO_384mm_REFV_20210408113743_7_seg,0,None,None
2021-05-13 23:20:49,5.2.0,/Users/evaalonsoortiz/Documents/Academic/Postdoc_Julien/Projects/THS_7T/Data/7t-spine-coil/TFL_SAG_2MMISO_384MM_REFV_0008/TFL_SAG_2MMISO_384MM_REFV_0008_tfl_sag_2mmISO_384mm_REFV_20210408113743_8.nii,170,,TFL_SAG_2MMISO_384MM_REFV_0007_tfl_sag_2mmISO_384mm_REFV_20210408113743_7_seg,0,None,None
2021-05-13 23:20:49,5.2.0,/Users/evaalonsoortiz/Documents/Academic/Postdoc_Julien/Projects/THS_7T/Data/7t-spine-coil/TFL_SAG_2MMISO_384MM_REFV_0008/TFL_SAG_2MMISO_384MM_REFV_0008_tfl_sag_2mmISO_384mm_REFV_20210408113743_8.nii,171,,TFL_SAG_2MMISO_384MM_REFV_0007_tfl_sag_2mmISO_384mm_REFV_20210408113743_7_seg,0,None,None
2021-05-13 23:20:49,5.2.0,/Users/evaalonsoortiz/Documents/Academic/Postdoc_Julien/Projects/THS_7T/Data/7t-spine-coil/TFL_SAG_2MMISO_384MM_REFV_0008/TFL_SAG_2MMISO_384MM_REFV_0008_tfl_sag_2mmISO_384mm_REFV_20210408113743_8.nii,172,,TFL_SAG_2MMISO_384MM_REFV_0007_tfl_sag_2mmISO_384mm_REFV_20210408113743_7_seg,0,None,None
2021-05-13 23:20:49,5.2.0,/Users/evaalonsoortiz/Documents/Academic/Postdoc_Julien/Projects/THS_7T/Data/7t-spine-coil/TFL_SAG_2MMISO_384MM_REFV_0008/TFL_SAG_2MMISO_384MM_REFV_0008_tfl_sag_2mmISO_384mm_REFV_20210408113743_8.nii,173,,TFL_SAG_2MMISO_384MM_REFV_0007_tfl_sag_2mmISO_384mm_REFV_20210408113743_7_seg,0,None,None
2021-05-13 23:20:49,5.2.0,/Users/evaalonsoortiz/Documents/Academic/Postdoc_Julien/Projects/THS_7T/Data/7t-spine-coil/TFL_SAG_2MMISO_384MM_REFV_0008/TFL_SAG_2MMISO_384MM_REFV_0008_tfl_sag_2mmISO_384mm_REFV_20210408113743_8.nii,174,,TFL_SAG_2MMISO_384MM_REFV_0007_tfl_sag_2mmISO_384mm_REFV_20210408113743_7_seg,0,None,None
2021-05-13 23:20:49,5.2.0,/Users/evaalonsoortiz/Documents/Academic/Postdoc_Julien/Projects/THS_7T/Data/7t-spine-coil/TFL_SAG_2MMISO_384MM_REFV_0008/TFL_SAG_2MMISO_384MM_REFV_0008_tfl_sag_2mmISO_384mm_REFV_20210408113743_8.nii,175,,TFL_SAG_2MMISO_384MM_REFV_0007_tfl_sag_2mmISO_384mm_REFV_20210408113743_7_seg,0,None,None
2021-05-13 23:20:49,5.2.0,/Users/evaalonsoortiz/Documents/Academic/Postdoc_Julien/Projects/THS_7T/Data/7t-spine-coil/TFL_SAG_2MMISO_384MM_REFV_0008/TFL_SAG_2MMISO_384MM_REFV_0008_tfl_sag_2mmISO_384mm_REFV_20210408113743_8.nii,176,,TFL_SAG_2MMISO_384MM_REFV_0007_tfl_sag_2mmISO_384mm_REFV_20210408113743_7_seg,0,None,None
2021-05-13 23:20:49,5.2.0,/Users/evaalonsoortiz/Documents/Academic/Postdoc_Julien/Projects/THS_7T/Data/7t-spine-coil/TFL_SAG_2MMISO_384MM_REFV_0008/TFL_SAG_2MMISO_384MM_REFV_0008_tfl_sag_2mmISO_384mm_REFV_20210408113743_8.nii,177,,TFL_SAG_2MMISO_384MM_REFV_0007_tfl_sag_2mmISO_384mm_REFV_20210408113743_7_seg,0,None,None
2021-05-13 23:20:49,5.2.0,/Users/evaalonsoortiz/Documents/Academic/Postdoc_Julien/Projects/THS_7T/Data/7t-spine-coil/TFL_SAG_2MMISO_384MM_REFV_0008/TFL_SAG_2MMISO_384MM_REFV_0008_tfl_sag_2mmISO_384mm_REFV_20210408113743_8.nii,178,,TFL_SAG_2MMISO_384MM_REFV_0007_tfl_sag_2mmISO_384mm_REFV_20210408113743_7_seg,0,None,None
2021-05-13 23:20:49,5.2.0,/Users/evaalonsoortiz/Documents/Academic/Postdoc_Julien/Projects/THS_7T/Data/7t-spine-coil/TFL_SAG_2MMISO_384MM_REFV_0008/TFL_SAG_2MMISO_384MM_REFV_0008_tfl_sag_2mmISO_384mm_REFV_20210408113743_8.nii,179,,TFL_SAG_2MMISO_384MM_REFV_0007_tfl_sag_2mmISO_384mm_REFV_20210408113743_7_seg,0,None,None
2021-05-13 23:20:49,5.2.0,/Users/evaalonsoortiz/Documents/Academic/Postdoc_Julien/Projects/THS_7T/Data/7t-spine-coil/TFL_SAG_2MMISO_384MM_REFV_0008/TFL_SAG_2MMISO_384MM_REFV_0008_tfl_sag_2mmISO_384mm_REFV_20210408113743_8.nii,180,,TFL_SAG_2MMISO_384MM_REFV_0007_tfl_sag_2mmISO_384mm_REFV_20210408113743_7_seg,0,None,None
2021-05-13 23:20:49,5.2.0,/Users/evaalonsoortiz/Documents/Academic/Postdoc_Julien/Projects/THS_7T/Data/7t-spine-coil/TFL_SAG_2MMISO_384MM_REFV_0008/TFL_SAG_2MMISO_384MM_REFV_0008_tfl_sag_2mmISO_384mm_REFV_20210408113743_8.nii,181,,TFL_SAG_2MMISO_384MM_REFV_0007_tfl_sag_2mmISO_384mm_REFV_20210408113743_7_seg,0,None,None
2021-05-13 23:20:49,5.2.0,/Users/evaalonsoortiz/Documents/Academic/Postdoc_Julien/Projects/THS_7T/Data/7t-spine-coil/TFL_SAG_2MMISO_384MM_REFV_0008/TFL_SAG_2MMISO_384MM_REFV_0008_tfl_sag_2mmISO_384mm_REFV_20210408113743_8.nii,182,,TFL_SAG_2MMISO_384MM_REFV_0007_tfl_sag_2mmISO_384mm_REFV_20210408113743_7_seg,0,None,None
2021-05-13 23:20:49,5.2.0,/Users/evaalonsoortiz/Documents/Academic/Postdoc_Julien/Projects/THS_7T/Data/7t-spine-coil/TFL_SAG_2MMISO_384MM_REFV_0008/TFL_SAG_2MMISO_384MM_REFV_0008_tfl_sag_2mmISO_384mm_REFV_20210408113743_8.nii,183,,TFL_SAG_2MMISO_384MM_REFV_0007_tfl_sag_2mmISO_384mm_REFV_20210408113743_7_seg,0,None,None
2021-05-13 23:20:49,5.2.0,/Users/evaalonsoortiz/Documents/Academic/Postdoc_Julien/Projects/THS_7T/Data/7t-spine-coil/TFL_SAG_2MMISO_384MM_REFV_0008/TFL_SAG_2MMISO_384MM_REFV_0008_tfl_sag_2mmISO_384mm_REFV_20210408113743_8.nii,184,,TFL_SAG_2MMISO_384MM_REFV_0007_tfl_sag_2mmISO_384mm_REFV_20210408113743_7_seg,0,None,None
2021-05-13 23:20:49,5.2.0,/Users/evaalonsoortiz/Documents/Academic/Postdoc_Julien/Projects/THS_7T/Data/7t-spine-coil/TFL_SAG_2MMISO_384MM_REFV_0008/TFL_SAG_2MMISO_384MM_REFV_0008_tfl_sag_2mmISO_384mm_REFV_20210408113743_8.nii,185,,TFL_SAG_2MMISO_384MM_REFV_0007_tfl_sag_2mmISO_384mm_REFV_20210408113743_7_seg,0,None,None
2021-05-13 23:20:49,5.2.0,/Users/evaalonsoortiz/Documents/Academic/Postdoc_Julien/Projects/THS_7T/Data/7t-spine-coil/TFL_SAG_2MMISO_384MM_REFV_0008/TFL_SAG_2MMISO_384MM_REFV_0008_tfl_sag_2mmISO_384mm_REFV_20210408113743_8.nii,186,,TFL_SAG_2MMISO_384MM_REFV_0007_tfl_sag_2mmISO_384mm_REFV_20210408113743_7_seg,0,None,None
2021-05-13 23:20:49,5.2.0,/Users/evaalonsoortiz/Documents/Academic/Postdoc_Julien/Projects/THS_7T/Data/7t-spine-coil/TFL_SAG_2MMISO_384MM_REFV_0008/TFL_SAG_2MMISO_384MM_REFV_0008_tfl_sag_2mmISO_384mm_REFV_20210408113743_8.nii,187,,TFL_SAG_2MMISO_384MM_REFV_0007_tfl_sag_2mmISO_384mm_REFV_20210408113743_7_seg,0,None,None
2021-05-13 23:20:49,5.2.0,/Users/evaalonsoortiz/Documents/Academic/Postdoc_Julien/Projects/THS_7T/Data/7t-spine-coil/TFL_SAG_2MMISO_384MM_REFV_0008/TFL_SAG_2MMISO_384MM_REFV_0008_tfl_sag_2mmISO_384mm_REFV_20210408113743_8.nii,188,,TFL_SAG_2MMISO_384MM_REFV_0007_tfl_sag_2mmISO_384mm_REFV_20210408113743_7_seg,0,None,None
2021-05-13 23:20:49,5.2.0,/Users/evaalonsoortiz/Documents/Academic/Postdoc_Julien/Projects/THS_7T/Data/7t-spine-coil/TFL_SAG_2MMISO_384MM_REFV_0008/TFL_SAG_2MMISO_384MM_REFV_0008_tfl_sag_2mmISO_384mm_REFV_20210408113743_8.nii,189,,TFL_SAG_2MMISO_384MM_REFV_0007_tfl_sag_2mmISO_384mm_REFV_20210408113743_7_seg,0,None,None
2021-05-13 23:20:49,5.2.0,/Users/evaalonsoortiz/Documents/Academic/Postdoc_Julien/Projects/THS_7T/Data/7t-spine-coil/TFL_SAG_2MMISO_384MM_REFV_0008/TFL_SAG_2MMISO_384MM_REFV_0008_tfl_sag_2mmISO_384mm_REFV_20210408113743_8.nii,190,,TFL_SAG_2MMISO_384MM_REFV_0007_tfl_sag_2mmISO_384mm_REFV_20210408113743_7_seg,0,None,None
2021-05-13 23:20:49,5.2.0,/Users/evaalonsoortiz/Documents/Academic/Postdoc_Julien/Projects/THS_7T/Data/7t-spine-coil/TFL_SAG_2MMISO_384MM_REFV_0008/TFL_SAG_2MMISO_384MM_REFV_0008_tfl_sag_2mmISO_384mm_REFV_20210408113743_8.nii,191,,TFL_SAG_2MMISO_384MM_REFV_0007_tfl_sag_2mmISO_384mm_REFV_20210408113743_7_seg,0,None,None
